<?xml version="1.0" encoding="UTF-8" standalone="yes"?>
<gpx version="1.1" creator="outdooractive - http://www.outdooractive.com" xmlns="http://www.topografix.com/GPX/1/1" xmlns:oa="http://www.outdooractive.com/GPX/Extensions/1" xmlns:xsi="http://www.w3.org/2001/XMLSchema-instance" xsi:schemaLocation="http://www.topografix.com/GPX/1/1 http://www.topografix.com/GPX/1/1/gpx.xsd http://www.outdooractive.com/GPX/Extensions/1 https://www.outdooractive.com/schema/gpx_extensions.xsd">
  <metadata>
    <name>Le GR®5 Alpes, offrez-vous les plus beaux paysages des Alpes !</name>
    <author>
      <name>D. Martin - Grandes Itinérances SAS</name>
    </author>
    <link href="https://www.outdooractive.com/r/27578769"/>
    <time>2025-11-30T17:01:40.010Z</time>
    <extensions>
      <oa:oaCategory>longDistanceHikingTrail</oa:oaCategory>
    </extensions>
  </metadata>
  <trk>
    <name>Le GR®5 Alpes, offrez-vous les plus beaux paysages des Alpes !</name>
    <desc>Au coeur d&apos;une nature généreuse et variée, cotoyant les hauts sommets alpins mais aussi les hommes qui vivent ce massif au quotidien, le GR®5 Alpes ne vous laissera pas indifférent! Osez l&apos;aventure alpine et expérimentez la liberté !</desc>
    <type>longDistanceHikingTrail</type>
    <trkseg>
      <trkpt lat="46.394219" lon="6.804675">
        <ele>376.25965</ele>
      </trkpt>
      <trkpt lat="46.390599" lon="6.801096">
        <ele>431.92471</ele>
      </trkpt>
      <trkpt lat="46.386074" lon="6.80092">
        <ele>523.68264</ele>
      </trkpt>
      <trkpt lat="46.383822" lon="6.803142">
        <ele>573.59658</ele>
      </trkpt>
      <trkpt lat="46.382694" lon="6.806124">
        <ele>578.56902</ele>
      </trkpt>
      <trkpt lat="46.381214" lon="6.80533">
        <ele>656.99258</ele>
      </trkpt>
      <trkpt lat="46.380601" lon="6.80658">
        <ele>671.81639</ele>
      </trkpt>
      <trkpt lat="46.376584" lon="6.803733">
        <ele>719.37143</ele>
      </trkpt>
      <trkpt lat="46.374867" lon="6.798568">
        <ele>835.24839</ele>
      </trkpt>
      <trkpt lat="46.370451" lon="6.79253">
        <ele>898.3283</ele>
      </trkpt>
      <trkpt lat="46.369676" lon="6.789037">
        <ele>951.25916</ele>
      </trkpt>
      <trkpt lat="46.368958" lon="6.789933">
        <ele>948.38039</ele>
      </trkpt>
      <trkpt lat="46.368347" lon="6.789335">
        <ele>955.01463</ele>
      </trkpt>
      <trkpt lat="46.369352" lon="6.788142">
        <ele>971.3751</ele>
      </trkpt>
      <trkpt lat="46.36796" lon="6.78778">
        <ele>967.8463</ele>
      </trkpt>
      <trkpt lat="46.367509" lon="6.786414">
        <ele>989.76734</ele>
      </trkpt>
      <trkpt lat="46.36734" lon="6.780467">
        <ele>1072.85607</ele>
      </trkpt>
      <trkpt lat="46.365604" lon="6.775829">
        <ele>1113.0622</ele>
      </trkpt>
      <trkpt lat="46.364893" lon="6.77154">
        <ele>1189.64838</ele>
      </trkpt>
      <trkpt lat="46.362455" lon="6.767952">
        <ele>1224.0676</ele>
      </trkpt>
      <trkpt lat="46.360605" lon="6.770056">
        <ele>1214.1173</ele>
      </trkpt>
      <trkpt lat="46.359375" lon="6.768196">
        <ele>1249.59909</ele>
      </trkpt>
      <trkpt lat="46.358625" lon="6.768967">
        <ele>1257.02738</ele>
      </trkpt>
      <trkpt lat="46.357233" lon="6.768487">
        <ele>1286.8509</ele>
      </trkpt>
      <trkpt lat="46.35494" lon="6.770498">
        <ele>1373.90847</ele>
      </trkpt>
      <trkpt lat="46.354856" lon="6.768313">
        <ele>1418.04957</ele>
      </trkpt>
      <trkpt lat="46.353493" lon="6.765952">
        <ele>1512.74261</ele>
      </trkpt>
      <trkpt lat="46.35216" lon="6.766703">
        <ele>1588.13833</ele>
      </trkpt>
      <trkpt lat="46.351542" lon="6.768525">
        <ele>1641.1394</ele>
      </trkpt>
      <trkpt lat="46.350016" lon="6.763811">
        <ele>1720.16634</ele>
      </trkpt>
      <trkpt lat="46.349628" lon="6.759802">
        <ele>1811.29749</ele>
      </trkpt>
      <trkpt lat="46.348794" lon="6.75869">
        <ele>1826.58567</ele>
      </trkpt>
      <trkpt lat="46.344978" lon="6.760645">
        <ele>1894.75109</ele>
      </trkpt>
      <trkpt lat="46.344278" lon="6.759856">
        <ele>1841.89648</ele>
      </trkpt>
      <trkpt lat="46.340147" lon="6.760114">
        <ele>1692.98518</ele>
      </trkpt>
      <trkpt lat="46.337475" lon="6.761626">
        <ele>1602.52637</ele>
      </trkpt>
      <trkpt lat="46.334697" lon="6.765691">
        <ele>1538.96087</ele>
      </trkpt>
      <trkpt lat="46.332693" lon="6.766399">
        <ele>1527.48421</ele>
      </trkpt>
      <trkpt lat="46.330525" lon="6.765571">
        <ele>1504.58064</ele>
      </trkpt>
      <trkpt lat="46.331062" lon="6.766776">
        <ele>1508.9006</ele>
      </trkpt>
      <trkpt lat="46.329876" lon="6.768094">
        <ele>1533.35644</ele>
      </trkpt>
      <trkpt lat="46.329236" lon="6.770808">
        <ele>1602.36521</ele>
      </trkpt>
      <trkpt lat="46.327575" lon="6.772596">
        <ele>1681.64871</ele>
      </trkpt>
      <trkpt lat="46.327728" lon="6.774435">
        <ele>1758.39055</ele>
      </trkpt>
      <trkpt lat="46.326198" lon="6.773798">
        <ele>1787.553</ele>
      </trkpt>
      <trkpt lat="46.323259" lon="6.775316">
        <ele>1777.68666</ele>
      </trkpt>
      <trkpt lat="46.317228" lon="6.783258">
        <ele>1487.78686</ele>
      </trkpt>
      <trkpt lat="46.314555" lon="6.784431">
        <ele>1365.7664</ele>
      </trkpt>
      <trkpt lat="46.314467" lon="6.785428">
        <ele>1346.16016</ele>
      </trkpt>
      <trkpt lat="46.310086" lon="6.78574">
        <ele>1224.95064</ele>
      </trkpt>
      <trkpt lat="46.309512" lon="6.78691">
        <ele>1214.44581</ele>
      </trkpt>
      <trkpt lat="46.305463" lon="6.789411">
        <ele>1159.01495</ele>
      </trkpt>
      <trkpt lat="46.297684" lon="6.789688">
        <ele>1054.90946</ele>
      </trkpt>
      <trkpt lat="46.29539" lon="6.788354">
        <ele>1023.95115</ele>
      </trkpt>
      <trkpt lat="46.294874" lon="6.791459">
        <ele>1024.73717</ele>
      </trkpt>
      <trkpt lat="46.293665" lon="6.793774">
        <ele>1024.48976</ele>
      </trkpt>
      <trkpt lat="46.291213" lon="6.792829">
        <ele>1007.81261</ele>
      </trkpt>
      <trkpt lat="46.290472" lon="6.796133">
        <ele>1006.74943</ele>
      </trkpt>
      <trkpt lat="46.288378" lon="6.798225">
        <ele>1022.548</ele>
      </trkpt>
      <trkpt lat="46.288521" lon="6.804384">
        <ele>1020.01672</ele>
      </trkpt>
      <trkpt lat="46.287661" lon="6.804745">
        <ele>1017.90218</ele>
      </trkpt>
      <trkpt lat="46.287302" lon="6.807079">
        <ele>1025.61293</ele>
      </trkpt>
      <trkpt lat="46.285726" lon="6.804999">
        <ele>1038.51541</ele>
      </trkpt>
      <trkpt lat="46.283946" lon="6.805543">
        <ele>1092.99762</ele>
      </trkpt>
      <trkpt lat="46.283667" lon="6.804291">
        <ele>1120.29461</ele>
      </trkpt>
      <trkpt lat="46.283163" lon="6.805771">
        <ele>1121.51077</ele>
      </trkpt>
      <trkpt lat="46.282803" lon="6.804126">
        <ele>1152.24143</ele>
      </trkpt>
      <trkpt lat="46.280949" lon="6.802323">
        <ele>1226.83185</ele>
      </trkpt>
      <trkpt lat="46.280278" lon="6.804412">
        <ele>1224.44795</ele>
      </trkpt>
      <trkpt lat="46.278012" lon="6.803632">
        <ele>1318.00883</ele>
      </trkpt>
      <trkpt lat="46.277597" lon="6.804533">
        <ele>1312.0696</ele>
      </trkpt>
      <trkpt lat="46.276159" lon="6.804447">
        <ele>1364.98611</ele>
      </trkpt>
      <trkpt lat="46.269662" lon="6.809447">
        <ele>1532.71138</ele>
      </trkpt>
      <trkpt lat="46.269443" lon="6.807317">
        <ele>1534.26754</ele>
      </trkpt>
      <trkpt lat="46.271402" lon="6.80616">
        <ele>1532.44691</ele>
      </trkpt>
      <trkpt lat="46.27194" lon="6.804513">
        <ele>1544.12959</ele>
      </trkpt>
      <trkpt lat="46.268923" lon="6.800417">
        <ele>1516.37525</ele>
      </trkpt>
      <trkpt lat="46.267473" lon="6.80123">
        <ele>1595.00889</ele>
      </trkpt>
      <trkpt lat="46.265646" lon="6.798709">
        <ele>1697.55836</ele>
      </trkpt>
      <trkpt lat="46.26593" lon="6.794534">
        <ele>1758.71568</ele>
      </trkpt>
      <trkpt lat="46.267253" lon="6.793576">
        <ele>1796.28593</ele>
      </trkpt>
      <trkpt lat="46.266607" lon="6.792032">
        <ele>1841.60416</ele>
      </trkpt>
      <trkpt lat="46.267146" lon="6.791208">
        <ele>1887.93484</ele>
      </trkpt>
      <trkpt lat="46.26521" lon="6.791397">
        <ele>1877.01695</ele>
      </trkpt>
      <trkpt lat="46.263724" lon="6.794105">
        <ele>1918.76778</ele>
      </trkpt>
      <trkpt lat="46.262846" lon="6.79301">
        <ele>1963.32913</ele>
      </trkpt>
      <trkpt lat="46.261107" lon="6.797664">
        <ele>1918.6739</ele>
      </trkpt>
      <trkpt lat="46.26005" lon="6.797066">
        <ele>1903.06417</ele>
      </trkpt>
      <trkpt lat="46.260929" lon="6.792502">
        <ele>1883.08466</ele>
      </trkpt>
      <trkpt lat="46.260296" lon="6.793794">
        <ele>1854.95571</ele>
      </trkpt>
      <trkpt lat="46.259086" lon="6.792655">
        <ele>1800.22025</ele>
      </trkpt>
      <trkpt lat="46.25773" lon="6.795087">
        <ele>1757.35018</ele>
      </trkpt>
      <trkpt lat="46.256919" lon="6.794128">
        <ele>1716.09399</ele>
      </trkpt>
      <trkpt lat="46.257345" lon="6.791785">
        <ele>1712.75979</ele>
      </trkpt>
      <trkpt lat="46.25611" lon="6.792276">
        <ele>1662.21534</ele>
      </trkpt>
      <trkpt lat="46.254775" lon="6.790635">
        <ele>1689.68094</ele>
      </trkpt>
      <trkpt lat="46.253382" lon="6.791841">
        <ele>1699.66023</ele>
      </trkpt>
      <trkpt lat="46.248046" lon="6.790049">
        <ele>1783.59962</ele>
      </trkpt>
      <trkpt lat="46.247781" lon="6.789068">
        <ele>1805.47074</ele>
      </trkpt>
      <trkpt lat="46.248376" lon="6.78927">
        <ele>1821.46403</ele>
      </trkpt>
      <trkpt lat="46.247388" lon="6.786906">
        <ele>1833.79414</ele>
      </trkpt>
      <trkpt lat="46.248581" lon="6.779213">
        <ele>1774.42034</ele>
      </trkpt>
      <trkpt lat="46.247149" lon="6.77667">
        <ele>1731.71838</ele>
      </trkpt>
      <trkpt lat="46.240289" lon="6.780982">
        <ele>1715.77672</ele>
      </trkpt>
      <trkpt lat="46.235377" lon="6.778863">
        <ele>1702.50441</ele>
      </trkpt>
      <trkpt lat="46.234906" lon="6.777445">
        <ele>1705.77032</ele>
      </trkpt>
      <trkpt lat="46.231659" lon="6.776934">
        <ele>1691.72714</ele>
      </trkpt>
      <trkpt lat="46.229039" lon="6.772877">
        <ele>1672.97247</ele>
      </trkpt>
      <trkpt lat="46.222837" lon="6.774851">
        <ele>1737.26628</ele>
      </trkpt>
      <trkpt lat="46.22147" lon="6.774312">
        <ele>1780.35782</ele>
      </trkpt>
      <trkpt lat="46.222071" lon="6.772804">
        <ele>1782.61037</ele>
      </trkpt>
      <trkpt lat="46.220932" lon="6.772925">
        <ele>1791.38556</ele>
      </trkpt>
      <trkpt lat="46.215725" lon="6.779407">
        <ele>1819.47875</ele>
      </trkpt>
      <trkpt lat="46.214721" lon="6.782868">
        <ele>1827.87696</ele>
      </trkpt>
      <trkpt lat="46.211754" lon="6.785485">
        <ele>1817.80741</ele>
      </trkpt>
      <trkpt lat="46.211082" lon="6.78716">
        <ele>1822.52019</ele>
      </trkpt>
      <trkpt lat="46.209619" lon="6.788391">
        <ele>1822.61773</ele>
      </trkpt>
      <trkpt lat="46.207464" lon="6.788202">
        <ele>1807.01163</ele>
      </trkpt>
      <trkpt lat="46.205722" lon="6.791214">
        <ele>1840.6645</ele>
      </trkpt>
      <trkpt lat="46.203409" lon="6.792525">
        <ele>1857.45546</ele>
      </trkpt>
      <trkpt lat="46.198918" lon="6.798196">
        <ele>1941.75296</ele>
      </trkpt>
      <trkpt lat="46.196524" lon="6.806752">
        <ele>1991.26924</ele>
      </trkpt>
      <trkpt lat="46.19635" lon="6.81284">
        <ele>1982.14959</ele>
      </trkpt>
      <trkpt lat="46.197095" lon="6.815664">
        <ele>1981.24606</ele>
      </trkpt>
      <trkpt lat="46.196217" lon="6.819493">
        <ele>1997.79917</ele>
      </trkpt>
      <trkpt lat="46.192189" lon="6.82069">
        <ele>2078.85458</ele>
      </trkpt>
      <trkpt lat="46.19134" lon="6.824238">
        <ele>2051.31482</ele>
      </trkpt>
      <trkpt lat="46.190236" lon="6.82149">
        <ele>2014.14356</ele>
      </trkpt>
      <trkpt lat="46.187046" lon="6.820921">
        <ele>1983.04649</ele>
      </trkpt>
      <trkpt lat="46.186327" lon="6.822522">
        <ele>1960.00893</ele>
      </trkpt>
      <trkpt lat="46.185062" lon="6.82174">
        <ele>1925.67307</ele>
      </trkpt>
      <trkpt lat="46.183062" lon="6.822232">
        <ele>1877.73532</ele>
      </trkpt>
      <trkpt lat="46.182528" lon="6.822617">
        <ele>1862.32701</ele>
      </trkpt>
      <trkpt lat="46.182959" lon="6.823926">
        <ele>1846.76385</ele>
      </trkpt>
      <trkpt lat="46.181978" lon="6.823222">
        <ele>1845.03736</ele>
      </trkpt>
      <trkpt lat="46.179272" lon="6.825626">
        <ele>1826.84689</ele>
      </trkpt>
      <trkpt lat="46.177947" lon="6.820594">
        <ele>1849.22109</ele>
      </trkpt>
      <trkpt lat="46.177282" lon="6.813971">
        <ele>1844.3758</ele>
      </trkpt>
      <trkpt lat="46.175066" lon="6.812979">
        <ele>1844.21357</ele>
      </trkpt>
      <trkpt lat="46.173023" lon="6.815904">
        <ele>1822.89914</ele>
      </trkpt>
      <trkpt lat="46.170216" lon="6.816769">
        <ele>1823.71426</ele>
      </trkpt>
      <trkpt lat="46.168211" lon="6.812429">
        <ele>1802.84506</ele>
      </trkpt>
      <trkpt lat="46.165966" lon="6.809862">
        <ele>1786.46456</ele>
      </trkpt>
      <trkpt lat="46.166182" lon="6.808698">
        <ele>1778.40128</ele>
      </trkpt>
      <trkpt lat="46.165545" lon="6.808245">
        <ele>1764.39053</ele>
      </trkpt>
      <trkpt lat="46.164887" lon="6.804835">
        <ele>1725.36904</ele>
      </trkpt>
      <trkpt lat="46.164246" lon="6.805569">
        <ele>1699.19243</ele>
      </trkpt>
      <trkpt lat="46.161593" lon="6.801921">
        <ele>1680.4284</ele>
      </trkpt>
      <trkpt lat="46.159002" lon="6.80216">
        <ele>1655.48052</ele>
      </trkpt>
      <trkpt lat="46.157239" lon="6.799548">
        <ele>1665.80079</ele>
      </trkpt>
      <trkpt lat="46.156117" lon="6.799717">
        <ele>1688.94269</ele>
      </trkpt>
      <trkpt lat="46.155146" lon="6.797477">
        <ele>1740.21754</ele>
      </trkpt>
      <trkpt lat="46.153392" lon="6.79691">
        <ele>1762.09288</ele>
      </trkpt>
      <trkpt lat="46.153124" lon="6.79756">
        <ele>1770.4665</ele>
      </trkpt>
      <trkpt lat="46.152376" lon="6.796271">
        <ele>1810.7119</ele>
      </trkpt>
      <trkpt lat="46.151254" lon="6.796978">
        <ele>1843.84536</ele>
      </trkpt>
      <trkpt lat="46.149908" lon="6.795383">
        <ele>1873.97595</ele>
      </trkpt>
      <trkpt lat="46.150199" lon="6.794824">
        <ele>1873.59382</ele>
      </trkpt>
      <trkpt lat="46.149546" lon="6.795047">
        <ele>1889.68362</ele>
      </trkpt>
      <trkpt lat="46.150248" lon="6.792861">
        <ele>1919.90812</ele>
      </trkpt>
      <trkpt lat="46.147711" lon="6.7908">
        <ele>1870.86988</ele>
      </trkpt>
      <trkpt lat="46.147953" lon="6.789769">
        <ele>1832.25641</ele>
      </trkpt>
      <trkpt lat="46.146451" lon="6.787905">
        <ele>1774.39986</ele>
      </trkpt>
      <trkpt lat="46.145118" lon="6.783103">
        <ele>1698.92031</ele>
      </trkpt>
      <trkpt lat="46.145778" lon="6.782506">
        <ele>1691.70537</ele>
      </trkpt>
      <trkpt lat="46.145431" lon="6.781165">
        <ele>1653.58387</ele>
      </trkpt>
      <trkpt lat="46.145939" lon="6.781402">
        <ele>1657.26286</ele>
      </trkpt>
      <trkpt lat="46.145325" lon="6.77997">
        <ele>1615.30379</ele>
      </trkpt>
      <trkpt lat="46.145929" lon="6.779887">
        <ele>1613.81324</ele>
      </trkpt>
      <trkpt lat="46.145125" lon="6.77892">
        <ele>1584.16616</ele>
      </trkpt>
      <trkpt lat="46.14424" lon="6.779887">
        <ele>1578.57932</ele>
      </trkpt>
      <trkpt lat="46.144742" lon="6.777925">
        <ele>1549.72364</ele>
      </trkpt>
      <trkpt lat="46.14207" lon="6.782208">
        <ele>1512.22057</ele>
      </trkpt>
      <trkpt lat="46.141143" lon="6.781973">
        <ele>1497.82878</ele>
      </trkpt>
      <trkpt lat="46.138142" lon="6.776797">
        <ele>1417.09957</ele>
      </trkpt>
      <trkpt lat="46.136776" lon="6.776274">
        <ele>1435.07718</ele>
      </trkpt>
      <trkpt lat="46.136226" lon="6.77196">
        <ele>1445.8998</ele>
      </trkpt>
      <trkpt lat="46.136834" lon="6.769415">
        <ele>1475.02257</ele>
      </trkpt>
      <trkpt lat="46.135915" lon="6.767722">
        <ele>1490.65955</ele>
      </trkpt>
      <trkpt lat="46.136953" lon="6.766626">
        <ele>1504.44527</ele>
      </trkpt>
      <trkpt lat="46.135515" lon="6.766479">
        <ele>1526.09879</ele>
      </trkpt>
      <trkpt lat="46.133961" lon="6.764301">
        <ele>1565.35409</ele>
      </trkpt>
      <trkpt lat="46.131446" lon="6.763872">
        <ele>1619.88936</ele>
      </trkpt>
      <trkpt lat="46.131317" lon="6.76097">
        <ele>1663.27146</ele>
      </trkpt>
      <trkpt lat="46.129254" lon="6.760712">
        <ele>1654.12548</ele>
      </trkpt>
      <trkpt lat="46.129968" lon="6.762864">
        <ele>1652.23521</ele>
      </trkpt>
      <trkpt lat="46.129816" lon="6.761509">
        <ele>1649.4333</ele>
      </trkpt>
      <trkpt lat="46.129254" lon="6.760712">
        <ele>1654.12548</ele>
      </trkpt>
      <trkpt lat="46.128631" lon="6.75995">
        <ele>1642.41767</ele>
      </trkpt>
      <trkpt lat="46.127935" lon="6.759457">
        <ele>1626.15053</ele>
      </trkpt>
      <trkpt lat="46.127152" lon="6.758197">
        <ele>1614.44152</ele>
      </trkpt>
      <trkpt lat="46.126436" lon="6.7577">
        <ele>1597.83909</ele>
      </trkpt>
      <trkpt lat="46.125751" lon="6.755857">
        <ele>1582.93211</ele>
      </trkpt>
      <trkpt lat="46.121425" lon="6.751969">
        <ele>1483.16511</ele>
      </trkpt>
      <trkpt lat="46.120656" lon="6.748298">
        <ele>1423.40627</ele>
      </trkpt>
      <trkpt lat="46.119487" lon="6.746932">
        <ele>1380.14209</ele>
      </trkpt>
      <trkpt lat="46.118881" lon="6.740078">
        <ele>1268.82799</ele>
      </trkpt>
      <trkpt lat="46.116794" lon="6.742362">
        <ele>1239.65066</ele>
      </trkpt>
      <trkpt lat="46.114738" lon="6.742855">
        <ele>1195.99769</ele>
      </trkpt>
      <trkpt lat="46.115612" lon="6.747271">
        <ele>1164.88081</ele>
      </trkpt>
      <trkpt lat="46.112555" lon="6.750237">
        <ele>1115.44776</ele>
      </trkpt>
      <trkpt lat="46.110648" lon="6.748498">
        <ele>1086.40404</ele>
      </trkpt>
      <trkpt lat="46.110372" lon="6.74763">
        <ele>1066.52375</ele>
      </trkpt>
      <trkpt lat="46.110942" lon="6.747058">
        <ele>1054.41231</ele>
      </trkpt>
      <trkpt lat="46.109158" lon="6.744814">
        <ele>1033.87408</ele>
      </trkpt>
      <trkpt lat="46.10776" lon="6.745101">
        <ele>1023.12691</ele>
      </trkpt>
      <trkpt lat="46.105388" lon="6.743827">
        <ele>988.83547</ele>
      </trkpt>
      <trkpt lat="46.10327" lon="6.745928">
        <ele>948.41078</ele>
      </trkpt>
      <trkpt lat="46.103506" lon="6.742981">
        <ele>919.21142</ele>
      </trkpt>
      <trkpt lat="46.097885" lon="6.742167">
        <ele>840.57075</ele>
      </trkpt>
      <trkpt lat="46.096521" lon="6.742758">
        <ele>823.78458</ele>
      </trkpt>
      <trkpt lat="46.095935" lon="6.741694">
        <ele>819.40633</ele>
      </trkpt>
      <trkpt lat="46.0928" lon="6.741026">
        <ele>794.52051</ele>
      </trkpt>
      <trkpt lat="46.087162" lon="6.737219">
        <ele>759.02619</ele>
      </trkpt>
      <trkpt lat="46.08537" lon="6.734219">
        <ele>753.41945</ele>
      </trkpt>
      <trkpt lat="46.084006" lon="6.733941">
        <ele>727.4469</ele>
      </trkpt>
      <trkpt lat="46.083915" lon="6.734807">
        <ele>731.48923</ele>
      </trkpt>
      <trkpt lat="46.082092" lon="6.733722">
        <ele>718.75071</ele>
      </trkpt>
      <trkpt lat="46.076344" lon="6.727176">
        <ele>709.76902</ele>
      </trkpt>
      <trkpt lat="46.075765" lon="6.730204">
        <ele>706.03218</ele>
      </trkpt>
      <trkpt lat="46.070849" lon="6.732752">
        <ele>720.51064</ele>
      </trkpt>
      <trkpt lat="46.068263" lon="6.736234">
        <ele>724.54021</ele>
      </trkpt>
      <trkpt lat="46.062903" lon="6.738508">
        <ele>733.90787</ele>
      </trkpt>
      <trkpt lat="46.059262" lon="6.745842">
        <ele>727.62044</ele>
      </trkpt>
      <trkpt lat="46.05871" lon="6.743603">
        <ele>756.78231</ele>
      </trkpt>
      <trkpt lat="46.057719" lon="6.744565">
        <ele>762.20949</ele>
      </trkpt>
      <trkpt lat="46.055037" lon="6.750957">
        <ele>755.20659</ele>
      </trkpt>
      <trkpt lat="46.055701" lon="6.755084">
        <ele>743.44038</ele>
      </trkpt>
      <trkpt lat="46.053701" lon="6.757434">
        <ele>816.11959</ele>
      </trkpt>
      <trkpt lat="46.052867" lon="6.760159">
        <ele>893.82822</ele>
      </trkpt>
      <trkpt lat="46.05312" lon="6.762326">
        <ele>846.51432</ele>
      </trkpt>
      <trkpt lat="46.050946" lon="6.764257">
        <ele>779.78569</ele>
      </trkpt>
      <trkpt lat="46.047723" lon="6.764005">
        <ele>765.41966</ele>
      </trkpt>
      <trkpt lat="46.047882" lon="6.765121">
        <ele>769.41899</ele>
      </trkpt>
      <trkpt lat="46.04685" lon="6.766862">
        <ele>797.28212</ele>
      </trkpt>
      <trkpt lat="46.046727" lon="6.769416">
        <ele>826.6692</ele>
      </trkpt>
      <trkpt lat="46.04685" lon="6.766862">
        <ele>797.28212</ele>
      </trkpt>
      <trkpt lat="46.047882" lon="6.765121">
        <ele>769.41899</ele>
      </trkpt>
      <trkpt lat="46.047624" lon="6.764298">
        <ele>763.4312</ele>
      </trkpt>
      <trkpt lat="46.044606" lon="6.763816">
        <ele>778.46799</ele>
      </trkpt>
      <trkpt lat="46.03918" lon="6.765781">
        <ele>811.01317</ele>
      </trkpt>
      <trkpt lat="46.038644" lon="6.768763">
        <ele>825.90775</ele>
      </trkpt>
      <trkpt lat="46.036246" lon="6.769922">
        <ele>842.49558</ele>
      </trkpt>
      <trkpt lat="46.035599" lon="6.771628">
        <ele>849.67804</ele>
      </trkpt>
      <trkpt lat="46.03303" lon="6.772302">
        <ele>868.07067</ele>
      </trkpt>
      <trkpt lat="46.033277" lon="6.770719">
        <ele>871.5477</ele>
      </trkpt>
      <trkpt lat="46.032568" lon="6.77138">
        <ele>876.99719</ele>
      </trkpt>
      <trkpt lat="46.02984" lon="6.770629">
        <ele>946.01865</ele>
      </trkpt>
      <trkpt lat="46.028228" lon="6.772185">
        <ele>973.48272</ele>
      </trkpt>
      <trkpt lat="46.025177" lon="6.769128">
        <ele>1129.33425</ele>
      </trkpt>
      <trkpt lat="46.020801" lon="6.768077">
        <ele>1194.37184</ele>
      </trkpt>
      <trkpt lat="46.020243" lon="6.766608">
        <ele>1201.95464</ele>
      </trkpt>
      <trkpt lat="46.015208" lon="6.761746">
        <ele>1325.091</ele>
      </trkpt>
      <trkpt lat="46.012116" lon="6.759963">
        <ele>1457.10219</ele>
      </trkpt>
      <trkpt lat="46.014376" lon="6.765031">
        <ele>1515.2165</ele>
      </trkpt>
      <trkpt lat="46.013632" lon="6.765633">
        <ele>1557.615</ele>
      </trkpt>
      <trkpt lat="46.014664" lon="6.766442">
        <ele>1575.15548</ele>
      </trkpt>
      <trkpt lat="46.015216" lon="6.770674">
        <ele>1687.19971</ele>
      </trkpt>
      <trkpt lat="46.0162" lon="6.771658">
        <ele>1689.84163</ele>
      </trkpt>
      <trkpt lat="46.016696" lon="6.777594">
        <ele>1778.89144</ele>
      </trkpt>
      <trkpt lat="46.016112" lon="6.778528">
        <ele>1793.22225</ele>
      </trkpt>
      <trkpt lat="46.013368" lon="6.778962">
        <ele>1771.44621</ele>
      </trkpt>
      <trkpt lat="46.009996" lon="6.783579">
        <ele>1751.15395</ele>
      </trkpt>
      <trkpt lat="46.007086" lon="6.784749">
        <ele>1765.95988</ele>
      </trkpt>
      <trkpt lat="46.007197" lon="6.786232">
        <ele>1786.04071</ele>
      </trkpt>
      <trkpt lat="46.005186" lon="6.788445">
        <ele>1800.91152</ele>
      </trkpt>
      <trkpt lat="46.004419" lon="6.791908">
        <ele>1815.65109</ele>
      </trkpt>
      <trkpt lat="46.003349" lon="6.792838">
        <ele>1826.67501</ele>
      </trkpt>
      <trkpt lat="46.001864" lon="6.792338">
        <ele>1873.3828</ele>
      </trkpt>
      <trkpt lat="46.002189" lon="6.797232">
        <ele>1980.23535</ele>
      </trkpt>
      <trkpt lat="46.001459" lon="6.797286">
        <ele>2010.18198</ele>
      </trkpt>
      <trkpt lat="46.001582" lon="6.798287">
        <ele>2021.35243</ele>
      </trkpt>
      <trkpt lat="45.99874" lon="6.79934">
        <ele>2103.40899</ele>
      </trkpt>
      <trkpt lat="45.997148" lon="6.797474">
        <ele>2111.37143</ele>
      </trkpt>
      <trkpt lat="45.996742" lon="6.79859">
        <ele>2105.25647</ele>
      </trkpt>
      <trkpt lat="45.994536" lon="6.799062">
        <ele>2067.13077</ele>
      </trkpt>
      <trkpt lat="45.993517" lon="6.80041">
        <ele>2070.72069</ele>
      </trkpt>
      <trkpt lat="45.990675" lon="6.801057">
        <ele>2063.10234</ele>
      </trkpt>
      <trkpt lat="45.988424" lon="6.800214">
        <ele>2073.86213</ele>
      </trkpt>
      <trkpt lat="45.98801" lon="6.799152">
        <ele>2088.28947</ele>
      </trkpt>
      <trkpt lat="45.986277" lon="6.799727">
        <ele>2133.51411</ele>
      </trkpt>
      <trkpt lat="45.985246" lon="6.798173">
        <ele>2163.19558</ele>
      </trkpt>
      <trkpt lat="45.981891" lon="6.797831">
        <ele>2210.62812</ele>
      </trkpt>
      <trkpt lat="45.980283" lon="6.796401">
        <ele>2244.98139</ele>
      </trkpt>
      <trkpt lat="45.97968" lon="6.797762">
        <ele>2209.93697</ele>
      </trkpt>
      <trkpt lat="45.978276" lon="6.796519">
        <ele>2155.30813</ele>
      </trkpt>
      <trkpt lat="45.978072" lon="6.797593">
        <ele>2130.17672</ele>
      </trkpt>
      <trkpt lat="45.977509" lon="6.796551">
        <ele>2115.33016</ele>
      </trkpt>
      <trkpt lat="45.97632" lon="6.79649">
        <ele>2061.33668</ele>
      </trkpt>
      <trkpt lat="45.976273" lon="6.799688">
        <ele>2025.64326</ele>
      </trkpt>
      <trkpt lat="45.975455" lon="6.800683">
        <ele>2002.63582</ele>
      </trkpt>
      <trkpt lat="45.972217" lon="6.79856">
        <ele>1959.51934</ele>
      </trkpt>
      <trkpt lat="45.971678" lon="6.799684">
        <ele>1937.81938</ele>
      </trkpt>
      <trkpt lat="45.972659" lon="6.803284">
        <ele>1914.5978</ele>
      </trkpt>
      <trkpt lat="45.97074" lon="6.80887">
        <ele>1853.21495</ele>
      </trkpt>
      <trkpt lat="45.97141" lon="6.810262">
        <ele>1840.47463</ele>
      </trkpt>
      <trkpt lat="45.971308" lon="6.812397">
        <ele>1818.90798</ele>
      </trkpt>
      <trkpt lat="45.969397" lon="6.817794">
        <ele>1732.97112</ele>
      </trkpt>
      <trkpt lat="45.967351" lon="6.821172">
        <ele>1678.31714</ele>
      </trkpt>
      <trkpt lat="45.967724" lon="6.822584">
        <ele>1688.68431</ele>
      </trkpt>
      <trkpt lat="45.969516" lon="6.82391">
        <ele>1646.64005</ele>
      </trkpt>
      <trkpt lat="45.970172" lon="6.825583">
        <ele>1644.43409</ele>
      </trkpt>
      <trkpt lat="45.969447" lon="6.825283">
        <ele>1609.12018</ele>
      </trkpt>
      <trkpt lat="45.969595" lon="6.827323">
        <ele>1611.22077</ele>
      </trkpt>
      <trkpt lat="45.970224" lon="6.828398">
        <ele>1626.93381</ele>
      </trkpt>
      <trkpt lat="45.964281" lon="6.826484">
        <ele>1756.26084</ele>
      </trkpt>
      <trkpt lat="45.960626" lon="6.830733">
        <ele>1821.19185</ele>
      </trkpt>
      <trkpt lat="45.955965" lon="6.833079">
        <ele>1874.32236</ele>
      </trkpt>
      <trkpt lat="45.954782" lon="6.834788">
        <ele>1891.168</ele>
      </trkpt>
      <trkpt lat="45.952646" lon="6.835561">
        <ele>1918.93377</ele>
      </trkpt>
      <trkpt lat="45.949963" lon="6.834436">
        <ele>1942.9504</ele>
      </trkpt>
      <trkpt lat="45.948523" lon="6.835497">
        <ele>1988.28649</ele>
      </trkpt>
      <trkpt lat="45.946915" lon="6.835188">
        <ele>2010.8021</ele>
      </trkpt>
      <trkpt lat="45.947067" lon="6.836327">
        <ele>2052.48171</ele>
      </trkpt>
      <trkpt lat="45.946008" lon="6.837051">
        <ele>2096.63011</ele>
      </trkpt>
      <trkpt lat="45.946359" lon="6.837647">
        <ele>2113.40243</ele>
      </trkpt>
      <trkpt lat="45.943431" lon="6.839732">
        <ele>2256.8518</ele>
      </trkpt>
      <trkpt lat="45.94344" lon="6.840816">
        <ele>2302.7434</ele>
      </trkpt>
      <trkpt lat="45.941739" lon="6.841912">
        <ele>2354.73258</ele>
      </trkpt>
      <trkpt lat="45.94136" lon="6.843541">
        <ele>2362.13936</ele>
      </trkpt>
      <trkpt lat="45.939971" lon="6.838748">
        <ele>2358.04308</ele>
      </trkpt>
      <trkpt lat="45.93877" lon="6.837574">
        <ele>2369.64042</ele>
      </trkpt>
      <trkpt lat="45.931948" lon="6.836852">
        <ele>2409.3375</ele>
      </trkpt>
      <trkpt lat="45.931438" lon="6.836485">
        <ele>2389.38695</ele>
      </trkpt>
      <trkpt lat="45.93197" lon="6.834774">
        <ele>2360.90098</ele>
      </trkpt>
      <trkpt lat="45.926348" lon="6.833565">
        <ele>2269.08527</ele>
      </trkpt>
      <trkpt lat="45.925127" lon="6.831432">
        <ele>2259.56697</ele>
      </trkpt>
      <trkpt lat="45.925266" lon="6.829762">
        <ele>2255.25119</ele>
      </trkpt>
      <trkpt lat="45.923838" lon="6.829486">
        <ele>2219.36748</ele>
      </trkpt>
      <trkpt lat="45.924258" lon="6.828656">
        <ele>2227.06131</ele>
      </trkpt>
      <trkpt lat="45.923388" lon="6.828233">
        <ele>2194.88713</ele>
      </trkpt>
      <trkpt lat="45.92212" lon="6.829524">
        <ele>2138.56072</ele>
      </trkpt>
      <trkpt lat="45.922303" lon="6.828188">
        <ele>2144.06539</ele>
      </trkpt>
      <trkpt lat="45.920591" lon="6.826866">
        <ele>2040.98191</ele>
      </trkpt>
      <trkpt lat="45.916515" lon="6.827758">
        <ele>1859.33668</ele>
      </trkpt>
      <trkpt lat="45.913483" lon="6.824833">
        <ele>1741.97706</ele>
      </trkpt>
      <trkpt lat="45.912551" lon="6.821174">
        <ele>1705.98101</ele>
      </trkpt>
      <trkpt lat="45.910571" lon="6.820273">
        <ele>1644.21195</ele>
      </trkpt>
      <trkpt lat="45.906917" lon="6.8114">
        <ele>1508.1067</ele>
      </trkpt>
      <trkpt lat="45.906516" lon="6.814461">
        <ele>1467.75183</ele>
      </trkpt>
      <trkpt lat="45.904159" lon="6.807094">
        <ele>1274.55745</ele>
      </trkpt>
      <trkpt lat="45.903807" lon="6.801764">
        <ele>1257.78291</ele>
      </trkpt>
      <trkpt lat="45.903055" lon="6.802312">
        <ele>1216.1798</ele>
      </trkpt>
      <trkpt lat="45.902682" lon="6.800644">
        <ele>1180.59233</ele>
      </trkpt>
      <trkpt lat="45.902154" lon="6.803097">
        <ele>1153.59742</ele>
      </trkpt>
      <trkpt lat="45.901373" lon="6.802721">
        <ele>1113.55629</ele>
      </trkpt>
      <trkpt lat="45.900532" lon="6.804688">
        <ele>1057.52833</ele>
      </trkpt>
      <trkpt lat="45.898054" lon="6.802729">
        <ele>1013.04728</ele>
      </trkpt>
      <trkpt lat="45.897279" lon="6.800342">
        <ele>1013.32424</ele>
      </trkpt>
      <trkpt lat="45.893884" lon="6.797867">
        <ele>983.3967</ele>
      </trkpt>
      <trkpt lat="45.893575" lon="6.79923">
        <ele>979.86295</ele>
      </trkpt>
      <trkpt lat="45.89244" lon="6.799941">
        <ele>1003.42079</ele>
      </trkpt>
      <trkpt lat="45.889934" lon="6.798065">
        <ele>1011.60138</ele>
      </trkpt>
      <trkpt lat="45.889239" lon="6.795182">
        <ele>1021.10669</ele>
      </trkpt>
      <trkpt lat="45.889333" lon="6.79075">
        <ele>1005.7276</ele>
      </trkpt>
      <trkpt lat="45.890684" lon="6.786496">
        <ele>1007.02791</ele>
      </trkpt>
      <trkpt lat="45.892615" lon="6.785405">
        <ele>1012.89813</ele>
      </trkpt>
      <trkpt lat="45.891984" lon="6.783569">
        <ele>1055.11519</ele>
      </trkpt>
      <trkpt lat="45.892536" lon="6.779363">
        <ele>1088.0993</ele>
      </trkpt>
      <trkpt lat="45.892024" lon="6.777803">
        <ele>1110.6115</ele>
      </trkpt>
      <trkpt lat="45.890779" lon="6.780543">
        <ele>1128.08152</ele>
      </trkpt>
      <trkpt lat="45.888896" lon="6.780189">
        <ele>1164.67781</ele>
      </trkpt>
      <trkpt lat="45.889886" lon="6.778351">
        <ele>1167.75884</ele>
      </trkpt>
      <trkpt lat="45.889247" lon="6.778828">
        <ele>1178.0697</ele>
      </trkpt>
      <trkpt lat="45.888455" lon="6.777109">
        <ele>1217.41579</ele>
      </trkpt>
      <trkpt lat="45.887681" lon="6.777076">
        <ele>1223.67722</ele>
      </trkpt>
      <trkpt lat="45.888009" lon="6.774224">
        <ele>1263.03332</ele>
      </trkpt>
      <trkpt lat="45.886547" lon="6.774243">
        <ele>1299.37648</ele>
      </trkpt>
      <trkpt lat="45.886997" lon="6.773589">
        <ele>1316.65546</ele>
      </trkpt>
      <trkpt lat="45.88575" lon="6.771203">
        <ele>1358.04517</ele>
      </trkpt>
      <trkpt lat="45.886808" lon="6.770975">
        <ele>1370.55273</ele>
      </trkpt>
      <trkpt lat="45.886578" lon="6.76602">
        <ele>1492.87514</ele>
      </trkpt>
      <trkpt lat="45.884178" lon="6.763649">
        <ele>1558.78404</ele>
      </trkpt>
      <trkpt lat="45.883748" lon="6.761226">
        <ele>1585.25513</ele>
      </trkpt>
      <trkpt lat="45.881572" lon="6.759969">
        <ele>1617.07218</ele>
      </trkpt>
      <trkpt lat="45.880248" lon="6.761098">
        <ele>1631.57676</ele>
      </trkpt>
      <trkpt lat="45.879433" lon="6.760169">
        <ele>1669.62693</ele>
      </trkpt>
      <trkpt lat="45.877228" lon="6.760212">
        <ele>1662.74413</ele>
      </trkpt>
      <trkpt lat="45.876791" lon="6.761408">
        <ele>1659.2148</ele>
      </trkpt>
      <trkpt lat="45.876046" lon="6.760362">
        <ele>1643.6099</ele>
      </trkpt>
      <trkpt lat="45.8758" lon="6.761924">
        <ele>1636.30151</ele>
      </trkpt>
      <trkpt lat="45.874696" lon="6.762471">
        <ele>1596.40809</ele>
      </trkpt>
      <trkpt lat="45.872826" lon="6.760058">
        <ele>1524.91044</ele>
      </trkpt>
      <trkpt lat="45.871372" lon="6.762099">
        <ele>1494.72887</ele>
      </trkpt>
      <trkpt lat="45.870057" lon="6.761214">
        <ele>1451.45091</ele>
      </trkpt>
      <trkpt lat="45.869654" lon="6.76229">
        <ele>1449.94359</ele>
      </trkpt>
      <trkpt lat="45.867816" lon="6.760203">
        <ele>1411.91847</ele>
      </trkpt>
      <trkpt lat="45.866692" lon="6.7605">
        <ele>1404.7875</ele>
      </trkpt>
      <trkpt lat="45.865684" lon="6.75682">
        <ele>1343.91175</ele>
      </trkpt>
      <trkpt lat="45.864605" lon="6.755512">
        <ele>1308.35891</ele>
      </trkpt>
      <trkpt lat="45.862388" lon="6.758983">
        <ele>1346.91444</ele>
      </trkpt>
      <trkpt lat="45.860886" lon="6.748469">
        <ele>1292.64001</ele>
      </trkpt>
      <trkpt lat="45.861728" lon="6.744511">
        <ele>1276.67236</ele>
      </trkpt>
      <trkpt lat="45.859236" lon="6.7383">
        <ele>1229.40298</ele>
      </trkpt>
      <trkpt lat="45.859847" lon="6.73518">
        <ele>1199.57538</ele>
      </trkpt>
      <trkpt lat="45.855785" lon="6.735738">
        <ele>1118.69488</ele>
      </trkpt>
      <trkpt lat="45.853238" lon="6.733708">
        <ele>1056.36518</ele>
      </trkpt>
      <trkpt lat="45.851994" lon="6.735089">
        <ele>1053.45114</ele>
      </trkpt>
      <trkpt lat="45.848473" lon="6.73591">
        <ele>1073.99805</ele>
      </trkpt>
      <trkpt lat="45.846518" lon="6.737591">
        <ele>1119.75747</ele>
      </trkpt>
      <trkpt lat="45.845893" lon="6.739346">
        <ele>1138.88395</ele>
      </trkpt>
      <trkpt lat="45.845783" lon="6.733669">
        <ele>1057.98448</ele>
      </trkpt>
      <trkpt lat="45.844273" lon="6.732811">
        <ele>1036.73203</ele>
      </trkpt>
      <trkpt lat="45.843347" lon="6.728621">
        <ele>1012.32309</ele>
      </trkpt>
      <trkpt lat="45.84328" lon="6.727748">
        <ele>1017.85882</ele>
      </trkpt>
      <trkpt lat="45.844243" lon="6.727037">
        <ele>1038.24583</ele>
      </trkpt>
      <trkpt lat="45.839083" lon="6.725215">
        <ele>1062.91752</ele>
      </trkpt>
      <trkpt lat="45.838811" lon="6.724183">
        <ele>1084.84043</ele>
      </trkpt>
      <trkpt lat="45.838407" lon="6.72516">
        <ele>1059.4288</ele>
      </trkpt>
      <trkpt lat="45.83438" lon="6.725352">
        <ele>1062.18468</ele>
      </trkpt>
      <trkpt lat="45.833002" lon="6.726695">
        <ele>1058.02555</ele>
      </trkpt>
      <trkpt lat="45.828828" lon="6.72648">
        <ele>1099.12734</ele>
      </trkpt>
      <trkpt lat="45.827688" lon="6.725591">
        <ele>1105.26575</ele>
      </trkpt>
      <trkpt lat="45.825058" lon="6.726266">
        <ele>1127.69376</ele>
      </trkpt>
      <trkpt lat="45.822312" lon="6.725093">
        <ele>1131.23203</ele>
      </trkpt>
      <trkpt lat="45.817365" lon="6.727588">
        <ele>1153.17803</ele>
      </trkpt>
      <trkpt lat="45.815037" lon="6.725996">
        <ele>1162.48488</ele>
      </trkpt>
      <trkpt lat="45.810809" lon="6.727513">
        <ele>1164.05594</ele>
      </trkpt>
      <trkpt lat="45.808894" lon="6.727266">
        <ele>1170.23126</ele>
      </trkpt>
      <trkpt lat="45.804948" lon="6.724858">
        <ele>1176.74873</ele>
      </trkpt>
      <trkpt lat="45.799692" lon="6.723878">
        <ele>1190.10897</ele>
      </trkpt>
      <trkpt lat="45.791164" lon="6.715666">
        <ele>1224.08015</ele>
      </trkpt>
      <trkpt lat="45.786653" lon="6.71293">
        <ele>1316.54401</ele>
      </trkpt>
      <trkpt lat="45.784563" lon="6.712618">
        <ele>1354.57918</ele>
      </trkpt>
      <trkpt lat="45.781545" lon="6.715478">
        <ele>1401.17052</ele>
      </trkpt>
      <trkpt lat="45.77791" lon="6.714232">
        <ele>1477.38524</ele>
      </trkpt>
      <trkpt lat="45.775093" lon="6.715871">
        <ele>1525.22565</ele>
      </trkpt>
      <trkpt lat="45.771951" lon="6.715793">
        <ele>1552.11658</ele>
      </trkpt>
      <trkpt lat="45.761112" lon="6.710994">
        <ele>1629.58191</ele>
      </trkpt>
      <trkpt lat="45.75898" lon="6.71044">
        <ele>1683.82953</ele>
      </trkpt>
      <trkpt lat="45.757854" lon="6.711094">
        <ele>1701.83784</ele>
      </trkpt>
      <trkpt lat="45.755863" lon="6.708274">
        <ele>1764.91828</ele>
      </trkpt>
      <trkpt lat="45.754745" lon="6.707883">
        <ele>1789.8887</ele>
      </trkpt>
      <trkpt lat="45.750421" lon="6.710458">
        <ele>1922.39242</ele>
      </trkpt>
      <trkpt lat="45.748913" lon="6.713711">
        <ele>1923.14653</ele>
      </trkpt>
      <trkpt lat="45.747168" lon="6.715457">
        <ele>1940.66813</ele>
      </trkpt>
      <trkpt lat="45.746578" lon="6.718111">
        <ele>1978.33642</ele>
      </trkpt>
      <trkpt lat="45.7452" lon="6.716034">
        <ele>2026.64831</ele>
      </trkpt>
      <trkpt lat="45.742888" lon="6.715467">
        <ele>2076.5778</ele>
      </trkpt>
      <trkpt lat="45.740684" lon="6.713605">
        <ele>2106.4318</ele>
      </trkpt>
      <trkpt lat="45.738039" lon="6.709929">
        <ele>2202.89048</ele>
      </trkpt>
      <trkpt lat="45.737658" lon="6.707845">
        <ele>2252.69901</ele>
      </trkpt>
      <trkpt lat="45.735047" lon="6.706592">
        <ele>2330.56575</ele>
      </trkpt>
      <trkpt lat="45.733855" lon="6.70846">
        <ele>2358.07855</ele>
      </trkpt>
      <trkpt lat="45.731005" lon="6.708497">
        <ele>2387.62103</ele>
      </trkpt>
      <trkpt lat="45.729514" lon="6.710202">
        <ele>2426.07996</ele>
      </trkpt>
      <trkpt lat="45.728086" lon="6.71039">
        <ele>2404.59664</ele>
      </trkpt>
      <trkpt lat="45.725816" lon="6.712802">
        <ele>2416.36565</ele>
      </trkpt>
      <trkpt lat="45.725005" lon="6.716672">
        <ele>2486.14853</ele>
      </trkpt>
      <trkpt lat="45.721919" lon="6.717452">
        <ele>2436.504</ele>
      </trkpt>
      <trkpt lat="45.722046" lon="6.716182">
        <ele>2434.64964</ele>
      </trkpt>
      <trkpt lat="45.720634" lon="6.714604">
        <ele>2417.38773</ele>
      </trkpt>
      <trkpt lat="45.718187" lon="6.714505">
        <ele>2422.99069</ele>
      </trkpt>
      <trkpt lat="45.716604" lon="6.711847">
        <ele>2453.21923</ele>
      </trkpt>
      <trkpt lat="45.712432" lon="6.708783">
        <ele>2508.06846</ele>
      </trkpt>
      <trkpt lat="45.710529" lon="6.704685">
        <ele>2461.60316</ele>
      </trkpt>
      <trkpt lat="45.709382" lon="6.699918">
        <ele>2393.03345</ele>
      </trkpt>
      <trkpt lat="45.709674" lon="6.695769">
        <ele>2336.87752</ele>
      </trkpt>
      <trkpt lat="45.71154" lon="6.694417">
        <ele>2305.58185</ele>
      </trkpt>
      <trkpt lat="45.710229" lon="6.692239">
        <ele>2291.33184</ele>
      </trkpt>
      <trkpt lat="45.70957" lon="6.688935">
        <ele>2265.81504</ele>
      </trkpt>
      <trkpt lat="45.706243" lon="6.683324">
        <ele>2178.35282</ele>
      </trkpt>
      <trkpt lat="45.702939" lon="6.68312">
        <ele>2067.19554</ele>
      </trkpt>
      <trkpt lat="45.702957" lon="6.680705">
        <ele>2039.83719</ele>
      </trkpt>
      <trkpt lat="45.701261" lon="6.68269">
        <ele>1995.71943</ele>
      </trkpt>
      <trkpt lat="45.701471" lon="6.680856">
        <ele>1972.68584</ele>
      </trkpt>
      <trkpt lat="45.700249" lon="6.681349">
        <ele>1950.19001</ele>
      </trkpt>
      <trkpt lat="45.699545" lon="6.679161">
        <ele>1913.15131</ele>
      </trkpt>
      <trkpt lat="45.698818" lon="6.679279">
        <ele>1892.26496</ele>
      </trkpt>
      <trkpt lat="45.694554" lon="6.674166">
        <ele>1813.98435</ele>
      </trkpt>
      <trkpt lat="45.693024" lon="6.669926">
        <ele>1819.59698</ele>
      </trkpt>
      <trkpt lat="45.693285" lon="6.668742">
        <ele>1817.4134</ele>
      </trkpt>
      <trkpt lat="45.692369" lon="6.667414">
        <ele>1827.35413</ele>
      </trkpt>
      <trkpt lat="45.692762" lon="6.666034">
        <ele>1835.47197</ele>
      </trkpt>
      <trkpt lat="45.691623" lon="6.665959">
        <ele>1848.9517</ele>
      </trkpt>
      <trkpt lat="45.690918" lon="6.661131">
        <ele>1880.25044</ele>
      </trkpt>
      <trkpt lat="45.688977" lon="6.657419">
        <ele>1884.32386</ele>
      </trkpt>
      <trkpt lat="45.684962" lon="6.656568">
        <ele>1963.35413</ele>
      </trkpt>
      <trkpt lat="45.683993" lon="6.652409">
        <ele>2057.907</ele>
      </trkpt>
      <trkpt lat="45.68032" lon="6.651046">
        <ele>2062.60423</ele>
      </trkpt>
      <trkpt lat="45.679608" lon="6.648182">
        <ele>2016.26567</ele>
      </trkpt>
      <trkpt lat="45.680005" lon="6.647173">
        <ele>1998.10476</ele>
      </trkpt>
      <trkpt lat="45.678761" lon="6.646562">
        <ele>2015.33725</ele>
      </trkpt>
      <trkpt lat="45.677949" lon="6.644755">
        <ele>2042.42239</ele>
      </trkpt>
      <trkpt lat="45.675702" lon="6.644652">
        <ele>2032.5109</ele>
      </trkpt>
      <trkpt lat="45.675762" lon="6.643504">
        <ele>2018.83459</ele>
      </trkpt>
      <trkpt lat="45.674833" lon="6.644512">
        <ele>2021.91434</ele>
      </trkpt>
      <trkpt lat="45.674211" lon="6.643128">
        <ele>2004.16555</ele>
      </trkpt>
      <trkpt lat="45.670537" lon="6.641079">
        <ele>1989.76829</ele>
      </trkpt>
      <trkpt lat="45.668345" lon="6.637256">
        <ele>1976.59291</ele>
      </trkpt>
      <trkpt lat="45.666556" lon="6.638343">
        <ele>1954.49896</ele>
      </trkpt>
      <trkpt lat="45.666421" lon="6.636691">
        <ele>1930.53669</ele>
      </trkpt>
      <trkpt lat="45.665799" lon="6.63726">
        <ele>1924.91881</ele>
      </trkpt>
      <trkpt lat="45.664727" lon="6.635801">
        <ele>1871.90585</ele>
      </trkpt>
      <trkpt lat="45.662957" lon="6.637539">
        <ele>1854.71058</ele>
      </trkpt>
      <trkpt lat="45.662567" lon="6.636916">
        <ele>1829.99392</ele>
      </trkpt>
      <trkpt lat="45.661401" lon="6.638872">
        <ele>1818.71875</ele>
      </trkpt>
      <trkpt lat="45.656981" lon="6.640197">
        <ele>1801.4825</ele>
      </trkpt>
      <trkpt lat="45.653477" lon="6.64385">
        <ele>1914.50695</ele>
      </trkpt>
      <trkpt lat="45.650827" lon="6.641398">
        <ele>1972.33636</ele>
      </trkpt>
      <trkpt lat="45.647873" lon="6.642898">
        <ele>2045.63008</ele>
      </trkpt>
      <trkpt lat="45.64875" lon="6.646052">
        <ele>2109.85421</ele>
      </trkpt>
      <trkpt lat="45.647507" lon="6.647237">
        <ele>2153.41647</ele>
      </trkpt>
      <trkpt lat="45.64581" lon="6.647029">
        <ele>2184.1414</ele>
      </trkpt>
      <trkpt lat="45.647222" lon="6.64982">
        <ele>2245.84571</ele>
      </trkpt>
      <trkpt lat="45.647059" lon="6.651261">
        <ele>2282.59277</ele>
      </trkpt>
      <trkpt lat="45.646108" lon="6.653721">
        <ele>2373.10171</ele>
      </trkpt>
      <trkpt lat="45.64493" lon="6.653962">
        <ele>2391.81526</ele>
      </trkpt>
      <trkpt lat="45.645017" lon="6.657774">
        <ele>2440.93989</ele>
      </trkpt>
      <trkpt lat="45.643845" lon="6.661769">
        <ele>2344.05527</ele>
      </trkpt>
      <trkpt lat="45.64209" lon="6.662976">
        <ele>2297.99406</ele>
      </trkpt>
      <trkpt lat="45.638631" lon="6.66313">
        <ele>2210.47606</ele>
      </trkpt>
      <trkpt lat="45.635808" lon="6.661908">
        <ele>2151.92466</ele>
      </trkpt>
      <trkpt lat="45.633183" lon="6.664178">
        <ele>2082.62714</ele>
      </trkpt>
      <trkpt lat="45.632387" lon="6.665355">
        <ele>2046.51492</ele>
      </trkpt>
      <trkpt lat="45.631921" lon="6.668916">
        <ele>2007.76505</ele>
      </trkpt>
      <trkpt lat="45.634218" lon="6.673045">
        <ele>1937.66206</ele>
      </trkpt>
      <trkpt lat="45.632569" lon="6.675071">
        <ele>1900.28003</ele>
      </trkpt>
      <trkpt lat="45.630961" lon="6.675696">
        <ele>1873.19982</ele>
      </trkpt>
      <trkpt lat="45.631103" lon="6.674518">
        <ele>1863.44529</ele>
      </trkpt>
      <trkpt lat="45.623223" lon="6.678861">
        <ele>1740.15425</ele>
      </trkpt>
      <trkpt lat="45.618302" lon="6.678365">
        <ele>1683.29177</ele>
      </trkpt>
      <trkpt lat="45.612015" lon="6.679578">
        <ele>1630.60905</ele>
      </trkpt>
      <trkpt lat="45.608168" lon="6.676554">
        <ele>1609.30795</ele>
      </trkpt>
      <trkpt lat="45.605226" lon="6.676482">
        <ele>1603.03225</ele>
      </trkpt>
      <trkpt lat="45.599922" lon="6.674595">
        <ele>1593.6678</ele>
      </trkpt>
      <trkpt lat="45.597975" lon="6.67612">
        <ele>1625.75972</ele>
      </trkpt>
      <trkpt lat="45.591651" lon="6.67709">
        <ele>1578.54335</ele>
      </trkpt>
      <trkpt lat="45.588805" lon="6.682342">
        <ele>1512.71398</ele>
      </trkpt>
      <trkpt lat="45.58632" lon="6.683413">
        <ele>1468.36873</ele>
      </trkpt>
      <trkpt lat="45.583919" lon="6.686383">
        <ele>1417.47749</ele>
      </trkpt>
      <trkpt lat="45.583198" lon="6.685318">
        <ele>1387.68149</ele>
      </trkpt>
      <trkpt lat="45.582104" lon="6.687179">
        <ele>1345.25762</ele>
      </trkpt>
      <trkpt lat="45.582284" lon="6.688231">
        <ele>1355.31343</ele>
      </trkpt>
      <trkpt lat="45.579821" lon="6.689815">
        <ele>1300.93512</ele>
      </trkpt>
      <trkpt lat="45.578216" lon="6.692881">
        <ele>1252.80447</ele>
      </trkpt>
      <trkpt lat="45.576861" lon="6.69255">
        <ele>1221.57605</ele>
      </trkpt>
      <trkpt lat="45.576137" lon="6.693438">
        <ele>1208.93495</ele>
      </trkpt>
      <trkpt lat="45.575321" lon="6.692305">
        <ele>1185.4001</ele>
      </trkpt>
      <trkpt lat="45.575528" lon="6.693674">
        <ele>1195.83023</ele>
      </trkpt>
      <trkpt lat="45.572502" lon="6.692925">
        <ele>1113.04175</ele>
      </trkpt>
      <trkpt lat="45.5731" lon="6.698582">
        <ele>1041.16592</ele>
      </trkpt>
      <trkpt lat="45.572397" lon="6.698734">
        <ele>1016.7811</ele>
      </trkpt>
      <trkpt lat="45.572027" lon="6.701489">
        <ele>978.38734</ele>
      </trkpt>
      <trkpt lat="45.572976" lon="6.705078">
        <ele>956.19133</ele>
      </trkpt>
      <trkpt lat="45.572665" lon="6.70694">
        <ele>917.9475</ele>
      </trkpt>
      <trkpt lat="45.572073" lon="6.706206">
        <ele>896.41374</ele>
      </trkpt>
      <trkpt lat="45.572039" lon="6.70781">
        <ele>885.7321</ele>
      </trkpt>
      <trkpt lat="45.570911" lon="6.708182">
        <ele>841.80007</ele>
      </trkpt>
      <trkpt lat="45.570898" lon="6.710781">
        <ele>819.72816</ele>
      </trkpt>
      <trkpt lat="45.569885" lon="6.712241">
        <ele>790.52769</ele>
      </trkpt>
      <trkpt lat="45.569007" lon="6.712102">
        <ele>776.08044</ele>
      </trkpt>
      <trkpt lat="45.569718" lon="6.716856">
        <ele>757.28449</ele>
      </trkpt>
      <trkpt lat="45.567768" lon="6.714536">
        <ele>739.31526</ele>
      </trkpt>
      <trkpt lat="45.566544" lon="6.715287">
        <ele>729.59814</ele>
      </trkpt>
      <trkpt lat="45.566301" lon="6.71715">
        <ele>754.5057</ele>
      </trkpt>
      <trkpt lat="45.565576" lon="6.715262">
        <ele>775.90119</ele>
      </trkpt>
      <trkpt lat="45.562828" lon="6.715943">
        <ele>849.45079</ele>
      </trkpt>
      <trkpt lat="45.562245" lon="6.717651">
        <ele>893.93099</ele>
      </trkpt>
      <trkpt lat="45.56105" lon="6.718128">
        <ele>934.66187</ele>
      </trkpt>
      <trkpt lat="45.561649" lon="6.728561">
        <ele>1086.15801</ele>
      </trkpt>
      <trkpt lat="45.560888" lon="6.728943">
        <ele>1103.06144</ele>
      </trkpt>
      <trkpt lat="45.561491" lon="6.73347">
        <ele>1150.45577</ele>
      </trkpt>
      <trkpt lat="45.560839" lon="6.73563">
        <ele>1188.96093</ele>
      </trkpt>
      <trkpt lat="45.560352" lon="6.734039">
        <ele>1196.45947</ele>
      </trkpt>
      <trkpt lat="45.560173" lon="6.735869">
        <ele>1207.58669</ele>
      </trkpt>
      <trkpt lat="45.558134" lon="6.734794">
        <ele>1269.00405</ele>
      </trkpt>
      <trkpt lat="45.554531" lon="6.737174">
        <ele>1374.31887</ele>
      </trkpt>
      <trkpt lat="45.55426" lon="6.739043">
        <ele>1393.92634</ele>
      </trkpt>
      <trkpt lat="45.549858" lon="6.742026">
        <ele>1467.72247</ele>
      </trkpt>
      <trkpt lat="45.549885" lon="6.7413">
        <ele>1485.19737</ele>
      </trkpt>
      <trkpt lat="45.548642" lon="6.743194">
        <ele>1455.49392</ele>
      </trkpt>
      <trkpt lat="45.545998" lon="6.744641">
        <ele>1499.18729</ele>
      </trkpt>
      <trkpt lat="45.544541" lon="6.74799">
        <ele>1381.14811</ele>
      </trkpt>
      <trkpt lat="45.54311" lon="6.748986">
        <ele>1377.95782</ele>
      </trkpt>
      <trkpt lat="45.539382" lon="6.755781">
        <ele>1250.63339</ele>
      </trkpt>
      <trkpt lat="45.538178" lon="6.756549">
        <ele>1269.94184</ele>
      </trkpt>
      <trkpt lat="45.53818" lon="6.759957">
        <ele>1290.79113</ele>
      </trkpt>
      <trkpt lat="45.53308" lon="6.767602">
        <ele>1426.42957</ele>
      </trkpt>
      <trkpt lat="45.531344" lon="6.773962">
        <ele>1450.44</ele>
      </trkpt>
      <trkpt lat="45.52949" lon="6.775836">
        <ele>1469.97297</ele>
      </trkpt>
      <trkpt lat="45.527138" lon="6.784625">
        <ele>1498.3937</ele>
      </trkpt>
      <trkpt lat="45.523992" lon="6.786061">
        <ele>1548.00565</ele>
      </trkpt>
      <trkpt lat="45.524842" lon="6.791317">
        <ele>1525.65156</ele>
      </trkpt>
      <trkpt lat="45.523367" lon="6.797825">
        <ele>1535.04518</ele>
      </trkpt>
      <trkpt lat="45.520967" lon="6.80022">
        <ele>1538.99096</ele>
      </trkpt>
      <trkpt lat="45.520333" lon="6.802953">
        <ele>1547.29357</ele>
      </trkpt>
      <trkpt lat="45.518614" lon="6.802434">
        <ele>1545.7705</ele>
      </trkpt>
      <trkpt lat="45.518611" lon="6.804902">
        <ele>1555.21188</ele>
      </trkpt>
      <trkpt lat="45.516481" lon="6.810083">
        <ele>1614.28636</ele>
      </trkpt>
      <trkpt lat="45.515541" lon="6.814662">
        <ele>1676.96811</ele>
      </trkpt>
      <trkpt lat="45.513729" lon="6.817936">
        <ele>1751.42126</ele>
      </trkpt>
      <trkpt lat="45.513665" lon="6.826299">
        <ele>1885.67066</ele>
      </trkpt>
      <trkpt lat="45.514345" lon="6.827497">
        <ele>1886.92692</ele>
      </trkpt>
      <trkpt lat="45.513464" lon="6.830341">
        <ele>1923.49461</ele>
      </trkpt>
      <trkpt lat="45.509385" lon="6.834041">
        <ele>2014.4896</ele>
      </trkpt>
      <trkpt lat="45.505998" lon="6.835074">
        <ele>2063.07297</ele>
      </trkpt>
      <trkpt lat="45.505618" lon="6.837148">
        <ele>2090.386</ele>
      </trkpt>
      <trkpt lat="45.502908" lon="6.837148">
        <ele>2092.98051</ele>
      </trkpt>
      <trkpt lat="45.501272" lon="6.838617">
        <ele>2093.13342</ele>
      </trkpt>
      <trkpt lat="45.499207" lon="6.838254">
        <ele>2096.49464</ele>
      </trkpt>
      <trkpt lat="45.49488" lon="6.841144">
        <ele>2112.50737</ele>
      </trkpt>
      <trkpt lat="45.492897" lon="6.841175">
        <ele>2120.95293</ele>
      </trkpt>
      <trkpt lat="45.491328" lon="6.843651">
        <ele>2157.47558</ele>
      </trkpt>
      <trkpt lat="45.489816" lon="6.842626">
        <ele>2166.14446</ele>
      </trkpt>
      <trkpt lat="45.48667" lon="6.843924">
        <ele>2211.89403</ele>
      </trkpt>
      <trkpt lat="45.485124" lon="6.846189">
        <ele>2233.26226</ele>
      </trkpt>
      <trkpt lat="45.481006" lon="6.847896">
        <ele>2293.67965</ele>
      </trkpt>
      <trkpt lat="45.479361" lon="6.849849">
        <ele>2325.66057</ele>
      </trkpt>
      <trkpt lat="45.47303" lon="6.851481">
        <ele>2340.62609</ele>
      </trkpt>
      <trkpt lat="45.468876" lon="6.855333">
        <ele>2385.34783</ele>
      </trkpt>
      <trkpt lat="45.461915" lon="6.855531">
        <ele>2503.52506</ele>
      </trkpt>
      <trkpt lat="45.461295" lon="6.856656">
        <ele>2515.07372</ele>
      </trkpt>
      <trkpt lat="45.45958" lon="6.857107">
        <ele>2523.6668</ele>
      </trkpt>
      <trkpt lat="45.458124" lon="6.861426">
        <ele>2593.31422</ele>
      </trkpt>
      <trkpt lat="45.456102" lon="6.86079">
        <ele>2623.5274</ele>
      </trkpt>
      <trkpt lat="45.456402" lon="6.863059">
        <ele>2647.386</ele>
      </trkpt>
      <trkpt lat="45.455604" lon="6.868176">
        <ele>2616.69635</ele>
      </trkpt>
      <trkpt lat="45.456042" lon="6.870868">
        <ele>2576.56334</ele>
      </trkpt>
      <trkpt lat="45.454654" lon="6.875574">
        <ele>2532.50376</ele>
      </trkpt>
      <trkpt lat="45.455533" lon="6.879225">
        <ele>2508.551</ele>
      </trkpt>
      <trkpt lat="45.455046" lon="6.881018">
        <ele>2479.52574</ele>
      </trkpt>
      <trkpt lat="45.455797" lon="6.88731">
        <ele>2415.19772</ele>
      </trkpt>
      <trkpt lat="45.458184" lon="6.891502">
        <ele>2318.37507</ele>
      </trkpt>
      <trkpt lat="45.463254" lon="6.893587">
        <ele>2236.51158</ele>
      </trkpt>
      <trkpt lat="45.465986" lon="6.897462">
        <ele>2145.90348</ele>
      </trkpt>
      <trkpt lat="45.466108" lon="6.899829">
        <ele>2090.85353</ele>
      </trkpt>
      <trkpt lat="45.468567" lon="6.905933">
        <ele>2094.23604</ele>
      </trkpt>
      <trkpt lat="45.470029" lon="6.906917">
        <ele>2092.76203</ele>
      </trkpt>
      <trkpt lat="45.469852" lon="6.907792">
        <ele>2089.52102</ele>
      </trkpt>
      <trkpt lat="45.46897" lon="6.907672">
        <ele>2091.59512</ele>
      </trkpt>
      <trkpt lat="45.46774" lon="6.909992">
        <ele>2099.23933</ele>
      </trkpt>
      <trkpt lat="45.464172" lon="6.908244">
        <ele>2096.7454</ele>
      </trkpt>
      <trkpt lat="45.46437" lon="6.90536">
        <ele>2085.0</ele>
      </trkpt>
      <trkpt lat="45.462832" lon="6.900916">
        <ele>2087.63388</ele>
      </trkpt>
      <trkpt lat="45.464758" lon="6.898781">
        <ele>2092.23571</ele>
      </trkpt>
      <trkpt lat="45.466042" lon="6.89967">
        <ele>2091.94253</ele>
      </trkpt>
      <trkpt lat="45.465463" lon="6.89886">
        <ele>2097.1892</ele>
      </trkpt>
      <trkpt lat="45.464404" lon="6.898637">
        <ele>2095.10976</ele>
      </trkpt>
      <trkpt lat="45.462964" lon="6.898991">
        <ele>2098.01347</ele>
      </trkpt>
      <trkpt lat="45.461122" lon="6.900572">
        <ele>2093.40965</ele>
      </trkpt>
      <trkpt lat="45.458492" lon="6.899069">
        <ele>2106.29117</ele>
      </trkpt>
      <trkpt lat="45.459064" lon="6.901708">
        <ele>2120.93047</ele>
      </trkpt>
      <trkpt lat="45.454253" lon="6.902594">
        <ele>2158.56858</ele>
      </trkpt>
      <trkpt lat="45.451102" lon="6.905258">
        <ele>2204.94881</ele>
      </trkpt>
      <trkpt lat="45.447571" lon="6.914598">
        <ele>2322.80357</ele>
      </trkpt>
      <trkpt lat="45.443224" lon="6.921182">
        <ele>2450.42522</ele>
      </trkpt>
      <trkpt lat="45.441238" lon="6.922167">
        <ele>2493.28146</ele>
      </trkpt>
      <trkpt lat="45.43809" lon="6.91961">
        <ele>2542.64288</ele>
      </trkpt>
      <trkpt lat="45.435683" lon="6.916075">
        <ele>2553.33573</ele>
      </trkpt>
      <trkpt lat="45.431879" lon="6.915478">
        <ele>2620.23539</ele>
      </trkpt>
      <trkpt lat="45.431187" lon="6.913186">
        <ele>2652.19282</ele>
      </trkpt>
      <trkpt lat="45.42454" lon="6.90806">
        <ele>2741.99085</ele>
      </trkpt>
      <trkpt lat="45.422052" lon="6.904453">
        <ele>2741.57829</ele>
      </trkpt>
      <trkpt lat="45.414393" lon="6.904322">
        <ele>2684.8502</ele>
      </trkpt>
      <trkpt lat="45.412581" lon="6.90357">
        <ele>2662.18741</ele>
      </trkpt>
      <trkpt lat="45.410935" lon="6.900224">
        <ele>2640.58913</ele>
      </trkpt>
      <trkpt lat="45.408848" lon="6.900838">
        <ele>2610.95776</ele>
      </trkpt>
      <trkpt lat="45.409239" lon="6.899862">
        <ele>2606.13434</ele>
      </trkpt>
      <trkpt lat="45.408597" lon="6.89751">
        <ele>2576.4001</ele>
      </trkpt>
      <trkpt lat="45.404593" lon="6.89435">
        <ele>2561.73196</ele>
      </trkpt>
      <trkpt lat="45.401723" lon="6.886344">
        <ele>2565.19819</ele>
      </trkpt>
      <trkpt lat="45.39968" lon="6.886962">
        <ele>2554.83957</ele>
      </trkpt>
      <trkpt lat="45.39831" lon="6.885782">
        <ele>2526.38552</ele>
      </trkpt>
      <trkpt lat="45.39344" lon="6.875041">
        <ele>2391.83912</ele>
      </trkpt>
      <trkpt lat="45.392805" lon="6.853379">
        <ele>2291.44678</ele>
      </trkpt>
      <trkpt lat="45.391673" lon="6.848887">
        <ele>2252.57625</ele>
      </trkpt>
      <trkpt lat="45.386655" lon="6.839564">
        <ele>2184.42624</ele>
      </trkpt>
      <trkpt lat="45.383197" lon="6.835962">
        <ele>2151.58802</ele>
      </trkpt>
      <trkpt lat="45.377545" lon="6.833968">
        <ele>2104.99515</ele>
      </trkpt>
      <trkpt lat="45.369322" lon="6.837523">
        <ele>2094.32273</ele>
      </trkpt>
      <trkpt lat="45.36282" lon="6.836822">
        <ele>2055.76056</ele>
      </trkpt>
      <trkpt lat="45.361509" lon="6.838861">
        <ele>2047.27003</ele>
      </trkpt>
      <trkpt lat="45.361644" lon="6.842594">
        <ele>2055.69487</ele>
      </trkpt>
      <trkpt lat="45.360227" lon="6.836779">
        <ele>2022.22461</ele>
      </trkpt>
      <trkpt lat="45.360762" lon="6.83554">
        <ele>2021.54317</ele>
      </trkpt>
      <trkpt lat="45.360086" lon="6.835574">
        <ele>2014.39189</ele>
      </trkpt>
      <trkpt lat="45.359413" lon="6.833896">
        <ele>2016.19312</ele>
      </trkpt>
      <trkpt lat="45.360937" lon="6.832658">
        <ele>2045.9456</ele>
      </trkpt>
      <trkpt lat="45.360674" lon="6.831431">
        <ele>2081.52671</ele>
      </trkpt>
      <trkpt lat="45.361827" lon="6.831161">
        <ele>2086.8947</ele>
      </trkpt>
      <trkpt lat="45.360691" lon="6.830781">
        <ele>2106.71645</ele>
      </trkpt>
      <trkpt lat="45.361461" lon="6.829857">
        <ele>2128.46271</ele>
      </trkpt>
      <trkpt lat="45.360237" lon="6.829734">
        <ele>2112.08262</ele>
      </trkpt>
      <trkpt lat="45.361138" lon="6.828466">
        <ele>2178.58768</ele>
      </trkpt>
      <trkpt lat="45.360314" lon="6.82863">
        <ele>2147.36757</ele>
      </trkpt>
      <trkpt lat="45.360186" lon="6.826891">
        <ele>2203.68007</ele>
      </trkpt>
      <trkpt lat="45.362479" lon="6.824734">
        <ele>2323.09386</ele>
      </trkpt>
      <trkpt lat="45.361175" lon="6.823371">
        <ele>2369.58493</ele>
      </trkpt>
      <trkpt lat="45.361168" lon="6.822289">
        <ele>2400.87128</ele>
      </trkpt>
      <trkpt lat="45.35982" lon="6.82147">
        <ele>2425.70321</ele>
      </trkpt>
      <trkpt lat="45.359502" lon="6.819633">
        <ele>2452.53471</ele>
      </trkpt>
      <trkpt lat="45.356431" lon="6.814353">
        <ele>2481.71435</ele>
      </trkpt>
      <trkpt lat="45.357178" lon="6.808397">
        <ele>2472.85938</ele>
      </trkpt>
      <trkpt lat="45.356503" lon="6.804806">
        <ele>2475.67399</ele>
      </trkpt>
      <trkpt lat="45.356703" lon="6.800143">
        <ele>2448.75722</ele>
      </trkpt>
      <trkpt lat="45.355306" lon="6.800163">
        <ele>2419.25114</ele>
      </trkpt>
      <trkpt lat="45.354653" lon="6.799005">
        <ele>2423.14727</ele>
      </trkpt>
      <trkpt lat="45.353409" lon="6.799886">
        <ele>2418.03469</ele>
      </trkpt>
      <trkpt lat="45.351241" lon="6.794934">
        <ele>2456.19121</ele>
      </trkpt>
      <trkpt lat="45.350288" lon="6.795722">
        <ele>2465.32388</ele>
      </trkpt>
      <trkpt lat="45.35021" lon="6.794612">
        <ele>2479.28695</ele>
      </trkpt>
      <trkpt lat="45.348234" lon="6.794046">
        <ele>2507.46335</ele>
      </trkpt>
      <trkpt lat="45.347767" lon="6.795646">
        <ele>2519.29446</ele>
      </trkpt>
      <trkpt lat="45.348152" lon="6.798566">
        <ele>2521.5206</ele>
      </trkpt>
      <trkpt lat="45.342899" lon="6.798886">
        <ele>2529.97453</ele>
      </trkpt>
      <trkpt lat="45.341595" lon="6.802529">
        <ele>2533.87632</ele>
      </trkpt>
      <trkpt lat="45.338294" lon="6.79806">
        <ele>2530.95915</ele>
      </trkpt>
      <trkpt lat="45.337098" lon="6.798265">
        <ele>2544.61751</ele>
      </trkpt>
      <trkpt lat="45.335068" lon="6.80101">
        <ele>2559.40144</ele>
      </trkpt>
      <trkpt lat="45.329466" lon="6.798511">
        <ele>2542.07276</ele>
      </trkpt>
      <trkpt lat="45.32837" lon="6.797126">
        <ele>2554.26101</ele>
      </trkpt>
      <trkpt lat="45.320526" lon="6.795893">
        <ele>2343.27751</ele>
      </trkpt>
      <trkpt lat="45.318103" lon="6.791504">
        <ele>2276.62409</ele>
      </trkpt>
      <trkpt lat="45.316046" lon="6.79194">
        <ele>2256.54195</ele>
      </trkpt>
      <trkpt lat="45.313606" lon="6.794171">
        <ele>2196.63726</ele>
      </trkpt>
      <trkpt lat="45.310592" lon="6.794739">
        <ele>2188.11362</ele>
      </trkpt>
      <trkpt lat="45.305185" lon="6.798891">
        <ele>2099.33299</ele>
      </trkpt>
      <trkpt lat="45.303165" lon="6.799193">
        <ele>2087.44759</ele>
      </trkpt>
      <trkpt lat="45.301539" lon="6.796569">
        <ele>2077.68293</ele>
      </trkpt>
      <trkpt lat="45.30189" lon="6.791872">
        <ele>2152.48109</ele>
      </trkpt>
      <trkpt lat="45.300831" lon="6.789879">
        <ele>2201.84149</ele>
      </trkpt>
      <trkpt lat="45.299341" lon="6.788546">
        <ele>2226.7331</ele>
      </trkpt>
      <trkpt lat="45.298605" lon="6.78942">
        <ele>2232.04523</ele>
      </trkpt>
      <trkpt lat="45.297603" lon="6.788867">
        <ele>2252.16595</ele>
      </trkpt>
      <trkpt lat="45.296639" lon="6.789889">
        <ele>2259.66304</ele>
      </trkpt>
      <trkpt lat="45.295612" lon="6.793475">
        <ele>2214.77738</ele>
      </trkpt>
      <trkpt lat="45.294231" lon="6.793723">
        <ele>2175.28138</ele>
      </trkpt>
      <trkpt lat="45.291034" lon="6.788293">
        <ele>2202.28855</ele>
      </trkpt>
      <trkpt lat="45.289558" lon="6.788435">
        <ele>2231.98716</ele>
      </trkpt>
      <trkpt lat="45.290001" lon="6.787749">
        <ele>2249.45663</ele>
      </trkpt>
      <trkpt lat="45.287947" lon="6.785691">
        <ele>2337.2578</ele>
      </trkpt>
      <trkpt lat="45.282309" lon="6.781246">
        <ele>2423.52181</ele>
      </trkpt>
      <trkpt lat="45.281832" lon="6.778388">
        <ele>2467.30967</ele>
      </trkpt>
      <trkpt lat="45.274373" lon="6.769432">
        <ele>2397.63045</ele>
      </trkpt>
      <trkpt lat="45.272304" lon="6.771116">
        <ele>2363.60014</ele>
      </trkpt>
      <trkpt lat="45.270342" lon="6.776011">
        <ele>2350.03393</ele>
      </trkpt>
      <trkpt lat="45.268289" lon="6.774754">
        <ele>2360.55692</ele>
      </trkpt>
      <trkpt lat="45.265812" lon="6.768594">
        <ele>2403.89179</ele>
      </trkpt>
      <trkpt lat="45.263337" lon="6.76637">
        <ele>2407.23703</ele>
      </trkpt>
      <trkpt lat="45.264428" lon="6.760121">
        <ele>2465.82572</ele>
      </trkpt>
      <trkpt lat="45.262043" lon="6.759163">
        <ele>2488.2599</ele>
      </trkpt>
      <trkpt lat="45.260481" lon="6.75986">
        <ele>2451.39906</ele>
      </trkpt>
      <trkpt lat="45.260014" lon="6.758515">
        <ele>2456.93655</ele>
      </trkpt>
      <trkpt lat="45.258516" lon="6.757848">
        <ele>2435.27496</ele>
      </trkpt>
      <trkpt lat="45.259391" lon="6.758764">
        <ele>2426.32539</ele>
      </trkpt>
      <trkpt lat="45.258469" lon="6.758616">
        <ele>2411.78947</ele>
      </trkpt>
      <trkpt lat="45.257685" lon="6.757706">
        <ele>2389.96166</ele>
      </trkpt>
      <trkpt lat="45.257883" lon="6.759271">
        <ele>2379.78676</ele>
      </trkpt>
      <trkpt lat="45.258813" lon="6.759688">
        <ele>2379.42073</ele>
      </trkpt>
      <trkpt lat="45.257484" lon="6.759797">
        <ele>2362.48834</ele>
      </trkpt>
      <trkpt lat="45.255928" lon="6.757904">
        <ele>2312.23297</ele>
      </trkpt>
      <trkpt lat="45.256563" lon="6.757953">
        <ele>2338.08312</ele>
      </trkpt>
      <trkpt lat="45.255933" lon="6.757541">
        <ele>2304.39576</ele>
      </trkpt>
      <trkpt lat="45.257015" lon="6.755796">
        <ele>2303.89967</ele>
      </trkpt>
      <trkpt lat="45.256154" lon="6.753552">
        <ele>2240.52716</ele>
      </trkpt>
      <trkpt lat="45.257096" lon="6.750167">
        <ele>2246.41989</ele>
      </trkpt>
      <trkpt lat="45.255914" lon="6.74679">
        <ele>2236.54376</ele>
      </trkpt>
      <trkpt lat="45.256955" lon="6.745242">
        <ele>2277.94287</ele>
      </trkpt>
      <trkpt lat="45.253388" lon="6.741118">
        <ele>2236.6731</ele>
      </trkpt>
      <trkpt lat="45.252897" lon="6.738487">
        <ele>2240.49156</ele>
      </trkpt>
      <trkpt lat="45.250873" lon="6.735734">
        <ele>2241.45772</ele>
      </trkpt>
      <trkpt lat="45.250762" lon="6.731759">
        <ele>2234.14248</ele>
      </trkpt>
      <trkpt lat="45.254634" lon="6.732131">
        <ele>2273.9151</ele>
      </trkpt>
      <trkpt lat="45.256875" lon="6.729821">
        <ele>2283.00573</ele>
      </trkpt>
      <trkpt lat="45.258029" lon="6.729355">
        <ele>2296.70587</ele>
      </trkpt>
      <trkpt lat="45.256828" lon="6.731543">
        <ele>2315.58665</ele>
      </trkpt>
      <trkpt lat="45.2579" lon="6.72946">
        <ele>2296.91563</ele>
      </trkpt>
      <trkpt lat="45.258029" lon="6.729355">
        <ele>2296.70587</ele>
      </trkpt>
      <trkpt lat="45.258523" lon="6.729143">
        <ele>2301.80032</ele>
      </trkpt>
      <trkpt lat="45.259192" lon="6.728706">
        <ele>2304.52884</ele>
      </trkpt>
      <trkpt lat="45.259398" lon="6.72835">
        <ele>2298.65244</ele>
      </trkpt>
      <trkpt lat="45.261382" lon="6.727466">
        <ele>2314.82686</ele>
      </trkpt>
      <trkpt lat="45.262527" lon="6.725854">
        <ele>2310.02484</ele>
      </trkpt>
      <trkpt lat="45.263739" lon="6.72654">
        <ele>2315.20108</ele>
      </trkpt>
      <trkpt lat="45.264957" lon="6.725539">
        <ele>2333.09927</ele>
      </trkpt>
      <trkpt lat="45.265085" lon="6.715682">
        <ele>2256.83834</ele>
      </trkpt>
      <trkpt lat="45.264109" lon="6.714124">
        <ele>2216.95991</ele>
      </trkpt>
      <trkpt lat="45.263963" lon="6.712051">
        <ele>2213.39496</ele>
      </trkpt>
      <trkpt lat="45.261155" lon="6.710399">
        <ele>2264.29457</ele>
      </trkpt>
      <trkpt lat="45.260818" lon="6.70844">
        <ele>2335.24679</ele>
      </trkpt>
      <trkpt lat="45.259728" lon="6.708799">
        <ele>2372.66011</ele>
      </trkpt>
      <trkpt lat="45.259759" lon="6.704366">
        <ele>2426.18814</ele>
      </trkpt>
      <trkpt lat="45.255597" lon="6.706672">
        <ele>2375.48278</ele>
      </trkpt>
      <trkpt lat="45.254577" lon="6.708924">
        <ele>2386.77</ele>
      </trkpt>
      <trkpt lat="45.251915" lon="6.711316">
        <ele>2389.46378</ele>
      </trkpt>
      <trkpt lat="45.251178" lon="6.713967">
        <ele>2384.11478</ele>
      </trkpt>
      <trkpt lat="45.249675" lon="6.71519">
        <ele>2343.87261</ele>
      </trkpt>
      <trkpt lat="45.237208" lon="6.715855">
        <ele>2282.83955</ele>
      </trkpt>
      <trkpt lat="45.236208" lon="6.713644">
        <ele>2296.43547</ele>
      </trkpt>
      <trkpt lat="45.236829" lon="6.707007">
        <ele>2350.04521</ele>
      </trkpt>
      <trkpt lat="45.233919" lon="6.70285">
        <ele>2333.82748</ele>
      </trkpt>
      <trkpt lat="45.233697" lon="6.701392">
        <ele>2333.02343</ele>
      </trkpt>
      <trkpt lat="45.234514" lon="6.699294">
        <ele>2333.71715</ele>
      </trkpt>
      <trkpt lat="45.233365" lon="6.695861">
        <ele>2316.6726</ele>
      </trkpt>
      <trkpt lat="45.232231" lon="6.694034">
        <ele>2258.60673</ele>
      </trkpt>
      <trkpt lat="45.231485" lon="6.694818">
        <ele>2214.86874</ele>
      </trkpt>
      <trkpt lat="45.231147" lon="6.693216">
        <ele>2170.09338</ele>
      </trkpt>
      <trkpt lat="45.229955" lon="6.694296">
        <ele>2108.55526</ele>
      </trkpt>
      <trkpt lat="45.224148" lon="6.683949">
        <ele>1897.39369</ele>
      </trkpt>
      <trkpt lat="45.22339" lon="6.679625">
        <ele>1876.24967</ele>
      </trkpt>
      <trkpt lat="45.224139" lon="6.678457">
        <ele>1921.44792</ele>
      </trkpt>
      <trkpt lat="45.22449" lon="6.674204">
        <ele>1892.60558</ele>
      </trkpt>
      <trkpt lat="45.226002" lon="6.673842">
        <ele>1893.34634</ele>
      </trkpt>
      <trkpt lat="45.228225" lon="6.675263">
        <ele>1903.51871</ele>
      </trkpt>
      <trkpt lat="45.224883" lon="6.667978">
        <ele>1896.33893</ele>
      </trkpt>
      <trkpt lat="45.223622" lon="6.668056">
        <ele>1873.83201</ele>
      </trkpt>
      <trkpt lat="45.221726" lon="6.666141">
        <ele>1832.40296</ele>
      </trkpt>
      <trkpt lat="45.220704" lon="6.667901">
        <ele>1759.18297</ele>
      </trkpt>
      <trkpt lat="45.220192" lon="6.666438">
        <ele>1721.2269</ele>
      </trkpt>
      <trkpt lat="45.2196" lon="6.666816">
        <ele>1679.18915</ele>
      </trkpt>
      <trkpt lat="45.215797" lon="6.664297">
        <ele>1510.24312</ele>
      </trkpt>
      <trkpt lat="45.213914" lon="6.665072">
        <ele>1418.95028</ele>
      </trkpt>
      <trkpt lat="45.214344" lon="6.66314">
        <ele>1391.319</ele>
      </trkpt>
      <trkpt lat="45.213512" lon="6.662358">
        <ele>1363.89555</ele>
      </trkpt>
      <trkpt lat="45.207093" lon="6.664326">
        <ele>1151.99062</ele>
      </trkpt>
      <trkpt lat="45.206793" lon="6.6635">
        <ele>1145.83055</ele>
      </trkpt>
      <trkpt lat="45.203919" lon="6.667109">
        <ele>1086.80309</ele>
      </trkpt>
      <trkpt lat="45.203202" lon="6.670012">
        <ele>1067.16699</ele>
      </trkpt>
      <trkpt lat="45.201894" lon="6.671579">
        <ele>1067.54652</ele>
      </trkpt>
      <trkpt lat="45.200547" lon="6.680356">
        <ele>1132.33622</ele>
      </trkpt>
      <trkpt lat="45.199295" lon="6.675818">
        <ele>1120.08098</ele>
      </trkpt>
      <trkpt lat="45.197386" lon="6.675428">
        <ele>1152.54229</ele>
      </trkpt>
      <trkpt lat="45.196615" lon="6.673293">
        <ele>1162.83215</ele>
      </trkpt>
      <trkpt lat="45.194549" lon="6.672398">
        <ele>1188.64513</ele>
      </trkpt>
      <trkpt lat="45.193196" lon="6.667623">
        <ele>1204.8983</ele>
      </trkpt>
      <trkpt lat="45.192666" lon="6.666966">
        <ele>1222.51917</ele>
      </trkpt>
      <trkpt lat="45.192643" lon="6.667986">
        <ele>1246.91045</ele>
      </trkpt>
      <trkpt lat="45.190766" lon="6.666123">
        <ele>1298.94184</ele>
      </trkpt>
      <trkpt lat="45.190258" lon="6.663621">
        <ele>1293.2418</ele>
      </trkpt>
      <trkpt lat="45.187964" lon="6.661824">
        <ele>1352.86985</ele>
      </trkpt>
      <trkpt lat="45.186146" lon="6.658783">
        <ele>1358.4694</ele>
      </trkpt>
      <trkpt lat="45.185694" lon="6.658694">
        <ele>1372.70056</ele>
      </trkpt>
      <trkpt lat="45.186906" lon="6.661187">
        <ele>1388.95966</ele>
      </trkpt>
      <trkpt lat="45.182462" lon="6.656807">
        <ele>1464.16605</ele>
      </trkpt>
      <trkpt lat="45.178201" lon="6.658133">
        <ele>1522.24424</ele>
      </trkpt>
      <trkpt lat="45.178348" lon="6.656083">
        <ele>1515.64416</ele>
      </trkpt>
      <trkpt lat="45.176942" lon="6.656478">
        <ele>1551.7975</ele>
      </trkpt>
      <trkpt lat="45.174109" lon="6.654083">
        <ele>1553.04046</ele>
      </trkpt>
      <trkpt lat="45.172677" lon="6.651496">
        <ele>1548.4503</ele>
      </trkpt>
      <trkpt lat="45.17006" lon="6.650025">
        <ele>1575.18648</ele>
      </trkpt>
      <trkpt lat="45.170604" lon="6.651811">
        <ele>1596.66326</ele>
      </trkpt>
      <trkpt lat="45.169434" lon="6.650314">
        <ele>1595.51542</ele>
      </trkpt>
      <trkpt lat="45.166491" lon="6.648888">
        <ele>1627.12174</ele>
      </trkpt>
      <trkpt lat="45.165836" lon="6.649408">
        <ele>1644.74635</ele>
      </trkpt>
      <trkpt lat="45.165799" lon="6.648335">
        <ele>1636.83073</ele>
      </trkpt>
      <trkpt lat="45.162702" lon="6.646435">
        <ele>1651.18341</ele>
      </trkpt>
      <trkpt lat="45.161873" lon="6.644414">
        <ele>1677.63325</ele>
      </trkpt>
      <trkpt lat="45.155993" lon="6.641101">
        <ele>1795.87665</ele>
      </trkpt>
      <trkpt lat="45.154335" lon="6.641144">
        <ele>1808.13025</ele>
      </trkpt>
      <trkpt lat="45.154819" lon="6.640277">
        <ele>1838.06423</ele>
      </trkpt>
      <trkpt lat="45.150642" lon="6.63705">
        <ele>1898.41783</ele>
      </trkpt>
      <trkpt lat="45.147059" lon="6.6322">
        <ele>1931.62031</ele>
      </trkpt>
      <trkpt lat="45.146883" lon="6.629497">
        <ele>1968.8003</ele>
      </trkpt>
      <trkpt lat="45.146122" lon="6.629532">
        <ele>1980.13309</ele>
      </trkpt>
      <trkpt lat="45.146711" lon="6.628791">
        <ele>1991.88968</ele>
      </trkpt>
      <trkpt lat="45.146174" lon="6.628768">
        <ele>2005.73573</ele>
      </trkpt>
      <trkpt lat="45.146146" lon="6.626594">
        <ele>2052.69164</ele>
      </trkpt>
      <trkpt lat="45.142435" lon="6.621884">
        <ele>2124.63696</ele>
      </trkpt>
      <trkpt lat="45.140298" lon="6.621755">
        <ele>2183.94883</ele>
      </trkpt>
      <trkpt lat="45.13739" lon="6.619923">
        <ele>2230.47402</ele>
      </trkpt>
      <trkpt lat="45.132085" lon="6.619768">
        <ele>2311.93979</ele>
      </trkpt>
      <trkpt lat="45.127849" lon="6.617562">
        <ele>2340.5432</ele>
      </trkpt>
      <trkpt lat="45.125058" lon="6.614274">
        <ele>2375.49775</ele>
      </trkpt>
      <trkpt lat="45.122344" lon="6.607966">
        <ele>2420.59713</ele>
      </trkpt>
      <trkpt lat="45.120637" lon="6.60699">
        <ele>2437.99035</ele>
      </trkpt>
      <trkpt lat="45.12157" lon="6.606419">
        <ele>2433.20049</ele>
      </trkpt>
      <trkpt lat="45.12163" lon="6.606204">
        <ele>2433.63213</ele>
      </trkpt>
      <trkpt lat="45.12151" lon="6.605525">
        <ele>2439.8168</ele>
      </trkpt>
      <trkpt lat="45.121579" lon="6.605148">
        <ele>2438.83467</ele>
      </trkpt>
      <trkpt lat="45.123302" lon="6.602659">
        <ele>2467.65934</ele>
      </trkpt>
      <trkpt lat="45.123551" lon="6.600387">
        <ele>2479.04171</ele>
      </trkpt>
      <trkpt lat="45.123415" lon="6.599952">
        <ele>2493.6449</ele>
      </trkpt>
      <trkpt lat="45.123302" lon="6.602659">
        <ele>2467.65934</ele>
      </trkpt>
      <trkpt lat="45.121834" lon="6.604595">
        <ele>2440.46096</ele>
      </trkpt>
      <trkpt lat="45.121579" lon="6.605148">
        <ele>2438.83467</ele>
      </trkpt>
      <trkpt lat="45.121526" lon="6.60531">
        <ele>2439.59476</ele>
      </trkpt>
      <trkpt lat="45.12151" lon="6.605525">
        <ele>2439.8168</ele>
      </trkpt>
      <trkpt lat="45.121516" lon="6.605688">
        <ele>2439.43959</ele>
      </trkpt>
      <trkpt lat="45.12163" lon="6.606204">
        <ele>2433.63213</ele>
      </trkpt>
      <trkpt lat="45.121606" lon="6.606348">
        <ele>2433.07308</ele>
      </trkpt>
      <trkpt lat="45.12157" lon="6.606419">
        <ele>2433.20049</ele>
      </trkpt>
      <trkpt lat="45.121529" lon="6.606485">
        <ele>2433.37437</ele>
      </trkpt>
      <trkpt lat="45.120637" lon="6.60699">
        <ele>2437.99035</ele>
      </trkpt>
      <trkpt lat="45.119399" lon="6.606874">
        <ele>2433.12025</ele>
      </trkpt>
      <trkpt lat="45.119552" lon="6.608359">
        <ele>2417.94338</ele>
      </trkpt>
      <trkpt lat="45.117006" lon="6.609748">
        <ele>2381.14844</ele>
      </trkpt>
      <trkpt lat="45.1144" lon="6.608965">
        <ele>2354.50827</ele>
      </trkpt>
      <trkpt lat="45.112779" lon="6.606492">
        <ele>2315.8762</ele>
      </trkpt>
      <trkpt lat="45.110544" lon="6.605736">
        <ele>2285.92165</ele>
      </trkpt>
      <trkpt lat="45.095345" lon="6.607316">
        <ele>2156.94776</ele>
      </trkpt>
      <trkpt lat="45.091902" lon="6.606612">
        <ele>2105.46894</ele>
      </trkpt>
      <trkpt lat="45.09147" lon="6.605783">
        <ele>2103.68751</ele>
      </trkpt>
      <trkpt lat="45.086977" lon="6.607831">
        <ele>1970.48082</ele>
      </trkpt>
      <trkpt lat="45.084788" lon="6.606971">
        <ele>1923.38597</ele>
      </trkpt>
      <trkpt lat="45.082623" lon="6.610474">
        <ele>1896.44541</ele>
      </trkpt>
      <trkpt lat="45.077589" lon="6.611399">
        <ele>1845.43973</ele>
      </trkpt>
      <trkpt lat="45.076008" lon="6.614102">
        <ele>1828.60671</ele>
      </trkpt>
      <trkpt lat="45.074934" lon="6.613944">
        <ele>1843.23364</ele>
      </trkpt>
      <trkpt lat="45.073643" lon="6.61523">
        <ele>1845.3281</ele>
      </trkpt>
      <trkpt lat="45.070259" lon="6.620418">
        <ele>1800.88603</ele>
      </trkpt>
      <trkpt lat="45.070158" lon="6.622708">
        <ele>1772.0992</ele>
      </trkpt>
      <trkpt lat="45.067611" lon="6.620914">
        <ele>1845.98569</ele>
      </trkpt>
      <trkpt lat="45.066849" lon="6.622436">
        <ele>1871.24483</ele>
      </trkpt>
      <trkpt lat="45.067118" lon="6.621557">
        <ele>1874.5253</ele>
      </trkpt>
      <trkpt lat="45.066196" lon="6.621926">
        <ele>1923.15526</ele>
      </trkpt>
      <trkpt lat="45.066432" lon="6.620538">
        <ele>1931.95239</ele>
      </trkpt>
      <trkpt lat="45.065673" lon="6.619292">
        <ele>1977.83017</ele>
      </trkpt>
      <trkpt lat="45.06485" lon="6.621488">
        <ele>2001.01031</ele>
      </trkpt>
      <trkpt lat="45.063426" lon="6.621756">
        <ele>2047.33747</ele>
      </trkpt>
      <trkpt lat="45.06333" lon="6.622788">
        <ele>2046.47474</ele>
      </trkpt>
      <trkpt lat="45.062831" lon="6.622168">
        <ele>2077.76551</ele>
      </trkpt>
      <trkpt lat="45.063016" lon="6.623518">
        <ele>2074.6867</ele>
      </trkpt>
      <trkpt lat="45.062331" lon="6.624633">
        <ele>2091.75771</ele>
      </trkpt>
      <trkpt lat="45.057543" lon="6.626586">
        <ele>2153.94016</ele>
      </trkpt>
      <trkpt lat="45.054613" lon="6.630569">
        <ele>2192.19517</ele>
      </trkpt>
      <trkpt lat="45.044377" lon="6.632103">
        <ele>2112.19555</ele>
      </trkpt>
      <trkpt lat="45.041145" lon="6.636217">
        <ele>2068.5254</ele>
      </trkpt>
      <trkpt lat="45.038767" lon="6.637548">
        <ele>2053.29631</ele>
      </trkpt>
      <trkpt lat="45.038652" lon="6.636114">
        <ele>2003.69372</ele>
      </trkpt>
      <trkpt lat="45.036444" lon="6.635182">
        <ele>1909.17863</ele>
      </trkpt>
      <trkpt lat="45.037057" lon="6.633999">
        <ele>1896.52628</ele>
      </trkpt>
      <trkpt lat="45.036494" lon="6.632949">
        <ele>1872.73406</ele>
      </trkpt>
      <trkpt lat="45.032973" lon="6.632583">
        <ele>1820.96505</ele>
      </trkpt>
      <trkpt lat="45.031376" lon="6.631834">
        <ele>1768.64735</ele>
      </trkpt>
      <trkpt lat="45.031359" lon="6.63076">
        <ele>1777.76995</ele>
      </trkpt>
      <trkpt lat="45.025381" lon="6.633999">
        <ele>1683.94474</ele>
      </trkpt>
      <trkpt lat="45.021975" lon="6.633777">
        <ele>1638.79966</ele>
      </trkpt>
      <trkpt lat="45.01996" lon="6.630309">
        <ele>1612.90739</ele>
      </trkpt>
      <trkpt lat="45.020054" lon="6.628379">
        <ele>1607.3531</ele>
      </trkpt>
      <trkpt lat="45.017851" lon="6.621872">
        <ele>1587.47288</ele>
      </trkpt>
      <trkpt lat="45.018248" lon="6.617521">
        <ele>1589.4004</ele>
      </trkpt>
      <trkpt lat="45.0149" lon="6.616886">
        <ele>1604.85172</ele>
      </trkpt>
      <trkpt lat="45.012356" lon="6.617703">
        <ele>1674.85754</ele>
      </trkpt>
      <trkpt lat="45.01304" lon="6.627257">
        <ele>1702.51867</ele>
      </trkpt>
      <trkpt lat="45.014751" lon="6.63184">
        <ele>1676.38072</ele>
      </trkpt>
      <trkpt lat="45.014864" lon="6.636398">
        <ele>1651.82955</ele>
      </trkpt>
      <trkpt lat="45.014024" lon="6.640884">
        <ele>1646.31028</ele>
      </trkpt>
      <trkpt lat="45.013725" lon="6.641839">
        <ele>1641.32092</ele>
      </trkpt>
      <trkpt lat="45.012782" lon="6.641458">
        <ele>1668.21395</ele>
      </trkpt>
      <trkpt lat="45.012589" lon="6.643237">
        <ele>1663.93112</ele>
      </trkpt>
      <trkpt lat="45.01092" lon="6.644987">
        <ele>1659.36144</ele>
      </trkpt>
      <trkpt lat="45.009868" lon="6.644242">
        <ele>1668.35488</ele>
      </trkpt>
      <trkpt lat="45.010106" lon="6.646489">
        <ele>1650.86394</ele>
      </trkpt>
      <trkpt lat="45.008713" lon="6.6469">
        <ele>1718.04807</ele>
      </trkpt>
      <trkpt lat="45.007849" lon="6.649292">
        <ele>1664.59016</ele>
      </trkpt>
      <trkpt lat="45.009083" lon="6.648653">
        <ele>1631.75275</ele>
      </trkpt>
      <trkpt lat="45.008801" lon="6.650576">
        <ele>1597.9285</ele>
      </trkpt>
      <trkpt lat="45.006627" lon="6.653329">
        <ele>1566.52134</ele>
      </trkpt>
      <trkpt lat="45.002893" lon="6.655653">
        <ele>1555.41809</ele>
      </trkpt>
      <trkpt lat="45.002803" lon="6.656962">
        <ele>1532.23318</ele>
      </trkpt>
      <trkpt lat="45.003966" lon="6.658998">
        <ele>1493.44565</ele>
      </trkpt>
      <trkpt lat="45.002806" lon="6.660284">
        <ele>1493.56043</ele>
      </trkpt>
      <trkpt lat="45.002827" lon="6.661288">
        <ele>1484.34679</ele>
      </trkpt>
      <trkpt lat="45.003685" lon="6.660864">
        <ele>1486.32741</ele>
      </trkpt>
      <trkpt lat="45.00353" lon="6.662619">
        <ele>1496.7147</ele>
      </trkpt>
      <trkpt lat="45.001359" lon="6.666832">
        <ele>1551.2481</ele>
      </trkpt>
      <trkpt lat="45.002377" lon="6.667128">
        <ele>1587.00101</ele>
      </trkpt>
      <trkpt lat="45.00108" lon="6.668717">
        <ele>1602.76616</ele>
      </trkpt>
      <trkpt lat="45.002949" lon="6.667839">
        <ele>1629.98221</ele>
      </trkpt>
      <trkpt lat="45.001682" lon="6.670617">
        <ele>1683.77139</ele>
      </trkpt>
      <trkpt lat="45.003715" lon="6.669033">
        <ele>1712.49371</ele>
      </trkpt>
      <trkpt lat="45.002517" lon="6.670979">
        <ele>1737.08413</ele>
      </trkpt>
      <trkpt lat="45.002316" lon="6.67445">
        <ele>1753.61411</ele>
      </trkpt>
      <trkpt lat="45.005972" lon="6.678912">
        <ele>1845.7309</ele>
      </trkpt>
      <trkpt lat="45.007911" lon="6.682807">
        <ele>1846.21011</ele>
      </trkpt>
      <trkpt lat="45.010054" lon="6.690093">
        <ele>1859.64673</ele>
      </trkpt>
      <trkpt lat="45.010339" lon="6.695866">
        <ele>1877.39748</ele>
      </trkpt>
      <trkpt lat="45.008082" lon="6.698736">
        <ele>1933.94437</ele>
      </trkpt>
      <trkpt lat="44.999785" lon="6.703893">
        <ele>2098.32193</ele>
      </trkpt>
      <trkpt lat="44.995222" lon="6.704006">
        <ele>2176.99234</ele>
      </trkpt>
      <trkpt lat="44.984683" lon="6.706719">
        <ele>2283.23863</ele>
      </trkpt>
      <trkpt lat="44.975959" lon="6.706394">
        <ele>2435.05577</ele>
      </trkpt>
      <trkpt lat="44.975749" lon="6.708592">
        <ele>2447.53232</ele>
      </trkpt>
      <trkpt lat="44.969681" lon="6.712752">
        <ele>2456.35254</ele>
      </trkpt>
      <trkpt lat="44.968193" lon="6.715722">
        <ele>2511.364</ele>
      </trkpt>
      <trkpt lat="44.969626" lon="6.718975">
        <ele>2460.40058</ele>
      </trkpt>
      <trkpt lat="44.969068" lon="6.722178">
        <ele>2416.63845</ele>
      </trkpt>
      <trkpt lat="44.961205" lon="6.725257">
        <ele>2268.27924</ele>
      </trkpt>
      <trkpt lat="44.959861" lon="6.72797">
        <ele>2244.70305</ele>
      </trkpt>
      <trkpt lat="44.958021" lon="6.729416">
        <ele>2218.73289</ele>
      </trkpt>
      <trkpt lat="44.957931" lon="6.730822">
        <ele>2185.60334</ele>
      </trkpt>
      <trkpt lat="44.953636" lon="6.735208">
        <ele>2060.10411</ele>
      </trkpt>
      <trkpt lat="44.949074" lon="6.73753">
        <ele>1985.95745</ele>
      </trkpt>
      <trkpt lat="44.936909" lon="6.740809">
        <ele>1876.21183</ele>
      </trkpt>
      <trkpt lat="44.929498" lon="6.718769">
        <ele>1835.16106</ele>
      </trkpt>
      <trkpt lat="44.928428" lon="6.712843">
        <ele>1798.6254</ele>
      </trkpt>
      <trkpt lat="44.923576" lon="6.702259">
        <ele>1707.70805</ele>
      </trkpt>
      <trkpt lat="44.923865" lon="6.697913">
        <ele>1634.7977</ele>
      </trkpt>
      <trkpt lat="44.922815" lon="6.696704">
        <ele>1625.07651</ele>
      </trkpt>
      <trkpt lat="44.923296" lon="6.695263">
        <ele>1594.93276</ele>
      </trkpt>
      <trkpt lat="44.921751" lon="6.694484">
        <ele>1596.80071</ele>
      </trkpt>
      <trkpt lat="44.921924" lon="6.690875">
        <ele>1574.36498</ele>
      </trkpt>
      <trkpt lat="44.919007" lon="6.686884">
        <ele>1522.32374</ele>
      </trkpt>
      <trkpt lat="44.917396" lon="6.686901">
        <ele>1505.55185</ele>
      </trkpt>
      <trkpt lat="44.917098" lon="6.684647">
        <ele>1482.24924</ele>
      </trkpt>
      <trkpt lat="44.914504" lon="6.681603">
        <ele>1445.14334</ele>
      </trkpt>
      <trkpt lat="44.915408" lon="6.679801">
        <ele>1415.47046</ele>
      </trkpt>
      <trkpt lat="44.914352" lon="6.677688">
        <ele>1428.08832</ele>
      </trkpt>
      <trkpt lat="44.911307" lon="6.676593">
        <ele>1447.31687</ele>
      </trkpt>
      <trkpt lat="44.90671" lon="6.669523">
        <ele>1452.2022</ele>
      </trkpt>
      <trkpt lat="44.906251" lon="6.666849">
        <ele>1392.79599</ele>
      </trkpt>
      <trkpt lat="44.904517" lon="6.664464">
        <ele>1362.5941</ele>
      </trkpt>
      <trkpt lat="44.903121" lon="6.664207">
        <ele>1348.50744</ele>
      </trkpt>
      <trkpt lat="44.901329" lon="6.657476">
        <ele>1294.04148</ele>
      </trkpt>
      <trkpt lat="44.901415" lon="6.653821">
        <ele>1279.4599</ele>
      </trkpt>
      <trkpt lat="44.899867" lon="6.649783">
        <ele>1311.13526</ele>
      </trkpt>
      <trkpt lat="44.897896" lon="6.647821">
        <ele>1283.99388</ele>
      </trkpt>
      <trkpt lat="44.898878" lon="6.646982">
        <ele>1299.53416</ele>
      </trkpt>
      <trkpt lat="44.897695" lon="6.645168">
        <ele>1287.47531</ele>
      </trkpt>
      <trkpt lat="44.89888" lon="6.641219">
        <ele>1285.33876</ele>
      </trkpt>
      <trkpt lat="44.897127" lon="6.641044">
        <ele>1251.37714</ele>
      </trkpt>
      <trkpt lat="44.89517" lon="6.636834">
        <ele>1215.45207</ele>
      </trkpt>
      <trkpt lat="44.893675" lon="6.637721">
        <ele>1226.23636</ele>
      </trkpt>
      <trkpt lat="44.890466" lon="6.636603">
        <ele>1216.07064</ele>
      </trkpt>
      <trkpt lat="44.88912" lon="6.634374">
        <ele>1207.41924</ele>
      </trkpt>
      <trkpt lat="44.887838" lon="6.63377">
        <ele>1216.88204</ele>
      </trkpt>
      <trkpt lat="44.885146" lon="6.63974">
        <ele>1236.7326</ele>
      </trkpt>
      <trkpt lat="44.885437" lon="6.642277">
        <ele>1248.27624</ele>
      </trkpt>
      <trkpt lat="44.883975" lon="6.644612">
        <ele>1253.48151</ele>
      </trkpt>
      <trkpt lat="44.883073" lon="6.649417">
        <ele>1284.30282</ele>
      </trkpt>
      <trkpt lat="44.882205" lon="6.648393">
        <ele>1323.39322</ele>
      </trkpt>
      <trkpt lat="44.881732" lon="6.651796">
        <ele>1368.07117</ele>
      </trkpt>
      <trkpt lat="44.880556" lon="6.64217">
        <ele>1321.62857</ele>
      </trkpt>
      <trkpt lat="44.877273" lon="6.635134">
        <ele>1272.5342</ele>
      </trkpt>
      <trkpt lat="44.872144" lon="6.632659">
        <ele>1296.68469</ele>
      </trkpt>
      <trkpt lat="44.870349" lon="6.637296">
        <ele>1344.84434</ele>
      </trkpt>
      <trkpt lat="44.86993" lon="6.635694">
        <ele>1372.57571</ele>
      </trkpt>
      <trkpt lat="44.869227" lon="6.6378">
        <ele>1403.12531</ele>
      </trkpt>
      <trkpt lat="44.868953" lon="6.635752">
        <ele>1421.1047</ele>
      </trkpt>
      <trkpt lat="44.866626" lon="6.636664">
        <ele>1510.26878</ele>
      </trkpt>
      <trkpt lat="44.865865" lon="6.6399">
        <ele>1563.73838</ele>
      </trkpt>
      <trkpt lat="44.862398" lon="6.645951">
        <ele>1602.4469</ele>
      </trkpt>
      <trkpt lat="44.857129" lon="6.651495">
        <ele>1641.79243</ele>
      </trkpt>
      <trkpt lat="44.846704" lon="6.657512">
        <ele>1704.98747</ele>
      </trkpt>
      <trkpt lat="44.843761" lon="6.660167">
        <ele>1725.21857</ele>
      </trkpt>
      <trkpt lat="44.841649" lon="6.660172">
        <ele>1737.66208</ele>
      </trkpt>
      <trkpt lat="44.840614" lon="6.664533">
        <ele>1803.57093</ele>
      </trkpt>
      <trkpt lat="44.837419" lon="6.669511">
        <ele>1910.61463</ele>
      </trkpt>
      <trkpt lat="44.827631" lon="6.676017">
        <ele>2101.34392</ele>
      </trkpt>
      <trkpt lat="44.828296" lon="6.677293">
        <ele>2108.16205</ele>
      </trkpt>
      <trkpt lat="44.819522" lon="6.680592">
        <ele>2224.13653</ele>
      </trkpt>
      <trkpt lat="44.817677" lon="6.682514">
        <ele>2274.54699</ele>
      </trkpt>
      <trkpt lat="44.81579" lon="6.687304">
        <ele>2376.93745</ele>
      </trkpt>
      <trkpt lat="44.813147" lon="6.687235">
        <ele>2446.67868</ele>
      </trkpt>
      <trkpt lat="44.811869" lon="6.689535">
        <ele>2453.24323</ele>
      </trkpt>
      <trkpt lat="44.811211" lon="6.68895">
        <ele>2415.64053</ele>
      </trkpt>
      <trkpt lat="44.808757" lon="6.692479">
        <ele>2314.19449</ele>
      </trkpt>
      <trkpt lat="44.805839" lon="6.694734">
        <ele>2228.00983</ele>
      </trkpt>
      <trkpt lat="44.80581" lon="6.696059">
        <ele>2221.32486</ele>
      </trkpt>
      <trkpt lat="44.804732" lon="6.695432">
        <ele>2175.3198</ele>
      </trkpt>
      <trkpt lat="44.804009" lon="6.697286">
        <ele>2142.27615</ele>
      </trkpt>
      <trkpt lat="44.805955" lon="6.699219">
        <ele>2117.61841</ele>
      </trkpt>
      <trkpt lat="44.806611" lon="6.70713">
        <ele>2000.46282</ele>
      </trkpt>
      <trkpt lat="44.805352" lon="6.706834">
        <ele>1965.1919</ele>
      </trkpt>
      <trkpt lat="44.80462" lon="6.708724">
        <ele>1950.87276</ele>
      </trkpt>
      <trkpt lat="44.802978" lon="6.709276">
        <ele>1921.27374</ele>
      </trkpt>
      <trkpt lat="44.800692" lon="6.711907">
        <ele>1886.68643</ele>
      </trkpt>
      <trkpt lat="44.798347" lon="6.72014">
        <ele>1826.95636</ele>
      </trkpt>
      <trkpt lat="44.794071" lon="6.726373">
        <ele>1799.31037</ele>
      </trkpt>
      <trkpt lat="44.792977" lon="6.726869">
        <ele>1789.30641</ele>
      </trkpt>
      <trkpt lat="44.789956" lon="6.732482">
        <ele>1744.42571</ele>
      </trkpt>
      <trkpt lat="44.78138" lon="6.734946">
        <ele>1682.20386</ele>
      </trkpt>
      <trkpt lat="44.778358" lon="6.739033">
        <ele>1705.59465</ele>
      </trkpt>
      <trkpt lat="44.771662" lon="6.740964">
        <ele>1764.20402</ele>
      </trkpt>
      <trkpt lat="44.768517" lon="6.743752">
        <ele>1760.32266</ele>
      </trkpt>
      <trkpt lat="44.767104" lon="6.743851">
        <ele>1725.05856</ele>
      </trkpt>
      <trkpt lat="44.765669" lon="6.747195">
        <ele>1730.06095</ele>
      </trkpt>
      <trkpt lat="44.76313" lon="6.748917">
        <ele>1682.78536</ele>
      </trkpt>
      <trkpt lat="44.763131" lon="6.75295">
        <ele>1720.7278</ele>
      </trkpt>
      <trkpt lat="44.761391" lon="6.759566">
        <ele>1775.72721</ele>
      </trkpt>
      <trkpt lat="44.762946" lon="6.757684">
        <ele>1802.79222</ele>
      </trkpt>
      <trkpt lat="44.763572" lon="6.75826">
        <ele>1829.49636</ele>
      </trkpt>
      <trkpt lat="44.760478" lon="6.766291">
        <ele>1854.02839</ele>
      </trkpt>
      <trkpt lat="44.760747" lon="6.767985">
        <ele>1860.20068</ele>
      </trkpt>
      <trkpt lat="44.759874" lon="6.770232">
        <ele>1857.98538</ele>
      </trkpt>
      <trkpt lat="44.760914" lon="6.772602">
        <ele>1817.9482</ele>
      </trkpt>
      <trkpt lat="44.75923" lon="6.776871">
        <ele>1742.56477</ele>
      </trkpt>
      <trkpt lat="44.759801" lon="6.779039">
        <ele>1713.85732</ele>
      </trkpt>
      <trkpt lat="44.75922" lon="6.779731">
        <ele>1682.20588</ele>
      </trkpt>
      <trkpt lat="44.759334" lon="6.783161">
        <ele>1601.09399</ele>
      </trkpt>
      <trkpt lat="44.757139" lon="6.785483">
        <ele>1500.53529</ele>
      </trkpt>
      <trkpt lat="44.75713" lon="6.787069">
        <ele>1444.66927</ele>
      </trkpt>
      <trkpt lat="44.756139" lon="6.786524">
        <ele>1420.4431</ele>
      </trkpt>
      <trkpt lat="44.755837" lon="6.785086">
        <ele>1408.73281</ele>
      </trkpt>
      <trkpt lat="44.755447" lon="6.786371">
        <ele>1377.58026</ele>
      </trkpt>
      <trkpt lat="44.755731" lon="6.787657">
        <ele>1376.31707</ele>
      </trkpt>
      <trkpt lat="44.757089" lon="6.788432">
        <ele>1397.463</ele>
      </trkpt>
      <trkpt lat="44.756433" lon="6.789202">
        <ele>1393.12562</ele>
      </trkpt>
      <trkpt lat="44.756716" lon="6.79168">
        <ele>1368.8597</ele>
      </trkpt>
      <trkpt lat="44.754006" lon="6.793365">
        <ele>1412.81325</ele>
      </trkpt>
      <trkpt lat="44.75208" lon="6.791674">
        <ele>1468.57214</ele>
      </trkpt>
      <trkpt lat="44.748166" lon="6.792258">
        <ele>1539.76237</ele>
      </trkpt>
      <trkpt lat="44.746164" lon="6.797434">
        <ele>1655.0162</ele>
      </trkpt>
      <trkpt lat="44.744027" lon="6.79818">
        <ele>1698.86219</ele>
      </trkpt>
      <trkpt lat="44.741098" lon="6.797597">
        <ele>1759.24751</ele>
      </trkpt>
      <trkpt lat="44.737081" lon="6.799601">
        <ele>1825.59327</ele>
      </trkpt>
      <trkpt lat="44.736449" lon="6.801012">
        <ele>1859.08996</ele>
      </trkpt>
      <trkpt lat="44.732181" lon="6.801287">
        <ele>1893.19535</ele>
      </trkpt>
      <trkpt lat="44.725766" lon="6.805081">
        <ele>2002.05744</ele>
      </trkpt>
      <trkpt lat="44.723071" lon="6.805132">
        <ele>2058.74763</ele>
      </trkpt>
      <trkpt lat="44.721119" lon="6.803476">
        <ele>2080.35799</ele>
      </trkpt>
      <trkpt lat="44.718625" lon="6.803235">
        <ele>2109.40241</ele>
      </trkpt>
      <trkpt lat="44.711732" lon="6.805049">
        <ele>2219.5773</ele>
      </trkpt>
      <trkpt lat="44.712002" lon="6.803227">
        <ele>2251.74054</ele>
      </trkpt>
      <trkpt lat="44.707852" lon="6.802784">
        <ele>2283.52012</ele>
      </trkpt>
      <trkpt lat="44.705548" lon="6.805536">
        <ele>2306.214</ele>
      </trkpt>
      <trkpt lat="44.698709" lon="6.806926">
        <ele>2290.77143</ele>
      </trkpt>
      <trkpt lat="44.696293" lon="6.808686">
        <ele>2300.07208</ele>
      </trkpt>
      <trkpt lat="44.691843" lon="6.807816">
        <ele>2290.05665</ele>
      </trkpt>
      <trkpt lat="44.689268" lon="6.805948">
        <ele>2295.77296</ele>
      </trkpt>
      <trkpt lat="44.687013" lon="6.806626">
        <ele>2213.66912</ele>
      </trkpt>
      <trkpt lat="44.681338" lon="6.801165">
        <ele>2054.39043</ele>
      </trkpt>
      <trkpt lat="44.681177" lon="6.801897">
        <ele>2028.77927</ele>
      </trkpt>
      <trkpt lat="44.679339" lon="6.801026">
        <ele>1947.734</ele>
      </trkpt>
      <trkpt lat="44.67855" lon="6.797695">
        <ele>1897.2594</ele>
      </trkpt>
      <trkpt lat="44.676622" lon="6.796038">
        <ele>1834.09736</ele>
      </trkpt>
      <trkpt lat="44.675455" lon="6.792715">
        <ele>1814.59655</ele>
      </trkpt>
      <trkpt lat="44.674567" lon="6.787345">
        <ele>1794.40086</ele>
      </trkpt>
      <trkpt lat="44.671285" lon="6.78289">
        <ele>1698.20019</ele>
      </trkpt>
      <trkpt lat="44.671369" lon="6.781241">
        <ele>1706.31947</ele>
      </trkpt>
      <trkpt lat="44.67057" lon="6.780635">
        <ele>1680.79955</ele>
      </trkpt>
      <trkpt lat="44.670602" lon="6.781327">
        <ele>1677.50739</ele>
      </trkpt>
      <trkpt lat="44.668399" lon="6.778079">
        <ele>1649.68853</ele>
      </trkpt>
      <trkpt lat="44.662924" lon="6.780328">
        <ele>1638.85766</ele>
      </trkpt>
      <trkpt lat="44.653755" lon="6.789306">
        <ele>1669.33083</ele>
      </trkpt>
      <trkpt lat="44.651042" lon="6.790777">
        <ele>1680.54128</ele>
      </trkpt>
      <trkpt lat="44.650264" lon="6.789854">
        <ele>1709.92899</ele>
      </trkpt>
      <trkpt lat="44.649447" lon="6.791461">
        <ele>1694.27702</ele>
      </trkpt>
      <trkpt lat="44.649519" lon="6.78971">
        <ele>1741.19112</ele>
      </trkpt>
      <trkpt lat="44.650923" lon="6.787879">
        <ele>1762.91537</ele>
      </trkpt>
      <trkpt lat="44.650596" lon="6.786954">
        <ele>1835.90516</ele>
      </trkpt>
      <trkpt lat="44.649197" lon="6.788184">
        <ele>1863.95299</ele>
      </trkpt>
      <trkpt lat="44.648735" lon="6.787482">
        <ele>1926.03585</ele>
      </trkpt>
      <trkpt lat="44.646964" lon="6.78817">
        <ele>1972.5209</ele>
      </trkpt>
      <trkpt lat="44.643829" lon="6.787589">
        <ele>2064.86178</ele>
      </trkpt>
      <trkpt lat="44.634086" lon="6.792433">
        <ele>2228.4348</ele>
      </trkpt>
      <trkpt lat="44.629355" lon="6.799017">
        <ele>2218.41216</ele>
      </trkpt>
      <trkpt lat="44.629172" lon="6.801924">
        <ele>2261.05636</ele>
      </trkpt>
      <trkpt lat="44.628256" lon="6.803435">
        <ele>2304.80843</ele>
      </trkpt>
      <trkpt lat="44.625094" lon="6.806731">
        <ele>2373.52872</ele>
      </trkpt>
      <trkpt lat="44.623649" lon="6.809492">
        <ele>2402.91968</ele>
      </trkpt>
      <trkpt lat="44.619038" lon="6.811756">
        <ele>2409.11867</ele>
      </trkpt>
      <trkpt lat="44.618458" lon="6.813612">
        <ele>2413.37993</ele>
      </trkpt>
      <trkpt lat="44.617472" lon="6.813595">
        <ele>2434.56395</ele>
      </trkpt>
      <trkpt lat="44.615176" lon="6.815996">
        <ele>2491.77063</ele>
      </trkpt>
      <trkpt lat="44.610825" lon="6.822457">
        <ele>2575.43375</ele>
      </trkpt>
      <trkpt lat="44.607525" lon="6.82077">
        <ele>2697.66432</ele>
      </trkpt>
      <trkpt lat="44.606831" lon="6.822537">
        <ele>2627.76792</ele>
      </trkpt>
      <trkpt lat="44.60548" lon="6.822749">
        <ele>2579.33817</ele>
      </trkpt>
      <trkpt lat="44.604795" lon="6.826355">
        <ele>2527.30814</ele>
      </trkpt>
      <trkpt lat="44.603466" lon="6.827968">
        <ele>2493.4078</ele>
      </trkpt>
      <trkpt lat="44.600677" lon="6.828977">
        <ele>2457.91193</ele>
      </trkpt>
      <trkpt lat="44.598715" lon="6.83182">
        <ele>2388.21762</ele>
      </trkpt>
      <trkpt lat="44.59623" lon="6.830634">
        <ele>2358.13492</ele>
      </trkpt>
      <trkpt lat="44.592735" lon="6.826631">
        <ele>2246.39607</ele>
      </trkpt>
      <trkpt lat="44.592424" lon="6.827663">
        <ele>2220.0267</ele>
      </trkpt>
      <trkpt lat="44.5918" lon="6.827096">
        <ele>2184.06004</ele>
      </trkpt>
      <trkpt lat="44.590694" lon="6.828238">
        <ele>2097.93826</ele>
      </trkpt>
      <trkpt lat="44.589337" lon="6.826006">
        <ele>2032.57311</ele>
      </trkpt>
      <trkpt lat="44.5885" lon="6.828675">
        <ele>1933.212</ele>
      </trkpt>
      <trkpt lat="44.587849" lon="6.828694">
        <ele>1895.86151</ele>
      </trkpt>
      <trkpt lat="44.582586" lon="6.821232">
        <ele>1866.23361</ele>
      </trkpt>
      <trkpt lat="44.579803" lon="6.821111">
        <ele>1846.32252</ele>
      </trkpt>
      <trkpt lat="44.576583" lon="6.817907">
        <ele>1817.3305</ele>
      </trkpt>
      <trkpt lat="44.574427" lon="6.818247">
        <ele>1790.29554</ele>
      </trkpt>
      <trkpt lat="44.571331" lon="6.816121">
        <ele>1766.80336</ele>
      </trkpt>
      <trkpt lat="44.56865" lon="6.813182">
        <ele>1744.46732</ele>
      </trkpt>
      <trkpt lat="44.562624" lon="6.810114">
        <ele>1711.70836</ele>
      </trkpt>
      <trkpt lat="44.561148" lon="6.810334">
        <ele>1702.55614</ele>
      </trkpt>
      <trkpt lat="44.558139" lon="6.806704">
        <ele>1690.24568</ele>
      </trkpt>
      <trkpt lat="44.554561" lon="6.804952">
        <ele>1678.65471</ele>
      </trkpt>
      <trkpt lat="44.553659" lon="6.802921">
        <ele>1680.48527</ele>
      </trkpt>
      <trkpt lat="44.548373" lon="6.798614">
        <ele>1647.55748</ele>
      </trkpt>
      <trkpt lat="44.547026" lon="6.795612">
        <ele>1666.66048</ele>
      </trkpt>
      <trkpt lat="44.545243" lon="6.795168">
        <ele>1647.64438</ele>
      </trkpt>
      <trkpt lat="44.543241" lon="6.791994">
        <ele>1629.02099</ele>
      </trkpt>
      <trkpt lat="44.54218" lon="6.786352">
        <ele>1640.79876</ele>
      </trkpt>
      <trkpt lat="44.540494" lon="6.783988">
        <ele>1628.6536</ele>
      </trkpt>
      <trkpt lat="44.538212" lon="6.78255">
        <ele>1605.99917</ele>
      </trkpt>
      <trkpt lat="44.53646" lon="6.784048">
        <ele>1594.88741</ele>
      </trkpt>
      <trkpt lat="44.536179" lon="6.78567">
        <ele>1623.95913</ele>
      </trkpt>
      <trkpt lat="44.534714" lon="6.785796">
        <ele>1632.5463</ele>
      </trkpt>
      <trkpt lat="44.532835" lon="6.788307">
        <ele>1685.77606</ele>
      </trkpt>
      <trkpt lat="44.534244" lon="6.790043">
        <ele>1741.76929</ele>
      </trkpt>
      <trkpt lat="44.533142" lon="6.794052">
        <ele>1871.28054</ele>
      </trkpt>
      <trkpt lat="44.529147" lon="6.795107">
        <ele>1947.02204</ele>
      </trkpt>
      <trkpt lat="44.527336" lon="6.794077">
        <ele>1903.66775</ele>
      </trkpt>
      <trkpt lat="44.525083" lon="6.797733">
        <ele>1879.93977</ele>
      </trkpt>
      <trkpt lat="44.524722" lon="6.796484">
        <ele>1863.67263</ele>
      </trkpt>
      <trkpt lat="44.525977" lon="6.803175">
        <ele>1901.16693</ele>
      </trkpt>
      <trkpt lat="44.525287" lon="6.807396">
        <ele>1909.47343</ele>
      </trkpt>
      <trkpt lat="44.520396" lon="6.814273">
        <ele>2016.49772</ele>
      </trkpt>
      <trkpt lat="44.52009" lon="6.815789">
        <ele>2030.5887</ele>
      </trkpt>
      <trkpt lat="44.518878" lon="6.816574">
        <ele>2057.40243</ele>
      </trkpt>
      <trkpt lat="44.516497" lon="6.822333">
        <ele>2167.47025</ele>
      </trkpt>
      <trkpt lat="44.507984" lon="6.83616">
        <ele>2277.59129</ele>
      </trkpt>
      <trkpt lat="44.505444" lon="6.837748">
        <ele>2339.02836</ele>
      </trkpt>
      <trkpt lat="44.502438" lon="6.842125">
        <ele>2413.76334</ele>
      </trkpt>
      <trkpt lat="44.501789" lon="6.841799">
        <ele>2442.55508</ele>
      </trkpt>
      <trkpt lat="44.501624" lon="6.84422">
        <ele>2503.16202</ele>
      </trkpt>
      <trkpt lat="44.499953" lon="6.846648">
        <ele>2514.29847</ele>
      </trkpt>
      <trkpt lat="44.497645" lon="6.846631">
        <ele>2491.11268</ele>
      </trkpt>
      <trkpt lat="44.497669" lon="6.848751">
        <ele>2489.6968</ele>
      </trkpt>
      <trkpt lat="44.496463" lon="6.849824">
        <ele>2461.99484</ele>
      </trkpt>
      <trkpt lat="44.492232" lon="6.850739">
        <ele>2432.74181</ele>
      </trkpt>
      <trkpt lat="44.48961" lon="6.848955">
        <ele>2388.37179</ele>
      </trkpt>
      <trkpt lat="44.487764" lon="6.850432">
        <ele>2375.56412</ele>
      </trkpt>
      <trkpt lat="44.483656" lon="6.847232">
        <ele>2363.52151</ele>
      </trkpt>
      <trkpt lat="44.480483" lon="6.849016">
        <ele>2409.09892</ele>
      </trkpt>
      <trkpt lat="44.477393" lon="6.852228">
        <ele>2482.37033</ele>
      </trkpt>
      <trkpt lat="44.477284" lon="6.851609">
        <ele>2488.90695</ele>
      </trkpt>
      <trkpt lat="44.476371" lon="6.853384">
        <ele>2503.02154</ele>
      </trkpt>
      <trkpt lat="44.476189" lon="6.851335">
        <ele>2534.61608</ele>
      </trkpt>
      <trkpt lat="44.475066" lon="6.852812">
        <ele>2543.52202</ele>
      </trkpt>
      <trkpt lat="44.4747" lon="6.850962">
        <ele>2540.3679</ele>
      </trkpt>
      <trkpt lat="44.474405" lon="6.851602">
        <ele>2513.20111</ele>
      </trkpt>
      <trkpt lat="44.473981" lon="6.850176">
        <ele>2487.20648</ele>
      </trkpt>
      <trkpt lat="44.471968" lon="6.848685">
        <ele>2388.81564</ele>
      </trkpt>
      <trkpt lat="44.470545" lon="6.850313">
        <ele>2332.68206</ele>
      </trkpt>
      <trkpt lat="44.466072" lon="6.849499">
        <ele>2194.14394</ele>
      </trkpt>
      <trkpt lat="44.465507" lon="6.850758">
        <ele>2162.65301</ele>
      </trkpt>
      <trkpt lat="44.462838" lon="6.847581">
        <ele>2067.77769</ele>
      </trkpt>
      <trkpt lat="44.460125" lon="6.850942">
        <ele>1963.8171</ele>
      </trkpt>
      <trkpt lat="44.457598" lon="6.851283">
        <ele>1879.54034</ele>
      </trkpt>
      <trkpt lat="44.457669" lon="6.85304">
        <ele>1835.73161</ele>
      </trkpt>
      <trkpt lat="44.456985" lon="6.853733">
        <ele>1792.15618</ele>
      </trkpt>
      <trkpt lat="44.453357" lon="6.850953">
        <ele>1721.01785</ele>
      </trkpt>
      <trkpt lat="44.450888" lon="6.84647">
        <ele>1679.21391</ele>
      </trkpt>
      <trkpt lat="44.450585" lon="6.847107">
        <ele>1680.09058</ele>
      </trkpt>
      <trkpt lat="44.449325" lon="6.846362">
        <ele>1670.60916</ele>
      </trkpt>
      <trkpt lat="44.448053" lon="6.850585">
        <ele>1673.55549</ele>
      </trkpt>
      <trkpt lat="44.443214" lon="6.855692">
        <ele>1687.97019</ele>
      </trkpt>
      <trkpt lat="44.440468" lon="6.861651">
        <ele>1721.30685</ele>
      </trkpt>
      <trkpt lat="44.438744" lon="6.863481">
        <ele>1738.37572</ele>
      </trkpt>
      <trkpt lat="44.43775" lon="6.868067">
        <ele>1785.9958</ele>
      </trkpt>
      <trkpt lat="44.435748" lon="6.870488">
        <ele>1797.43861</ele>
      </trkpt>
      <trkpt lat="44.431203" lon="6.879676">
        <ele>1872.26393</ele>
      </trkpt>
      <trkpt lat="44.43111" lon="6.881615">
        <ele>1895.97187</ele>
      </trkpt>
      <trkpt lat="44.428392" lon="6.887134">
        <ele>1919.4012</ele>
      </trkpt>
      <trkpt lat="44.427314" lon="6.891564">
        <ele>1947.6958</ele>
      </trkpt>
      <trkpt lat="44.42609" lon="6.88915">
        <ele>1938.42129</ele>
      </trkpt>
      <trkpt lat="44.423348" lon="6.889056">
        <ele>1922.17219</ele>
      </trkpt>
      <trkpt lat="44.4206" lon="6.887772">
        <ele>1917.59928</ele>
      </trkpt>
      <trkpt lat="44.420573" lon="6.886945">
        <ele>1914.51803</ele>
      </trkpt>
      <trkpt lat="44.417744" lon="6.886771">
        <ele>1906.68535</ele>
      </trkpt>
      <trkpt lat="44.417528" lon="6.885633">
        <ele>1906.56004</ele>
      </trkpt>
      <trkpt lat="44.414093" lon="6.88482">
        <ele>1921.64359</ele>
      </trkpt>
      <trkpt lat="44.403189" lon="6.878311">
        <ele>1970.59608</ele>
      </trkpt>
      <trkpt lat="44.398957" lon="6.876998">
        <ele>1980.37927</ele>
      </trkpt>
      <trkpt lat="44.394141" lon="6.877843">
        <ele>1988.47897</ele>
      </trkpt>
      <trkpt lat="44.392247" lon="6.877078">
        <ele>2013.02162</ele>
      </trkpt>
      <trkpt lat="44.390424" lon="6.874782">
        <ele>2080.39278</ele>
      </trkpt>
      <trkpt lat="44.388958" lon="6.875652">
        <ele>2097.29413</ele>
      </trkpt>
      <trkpt lat="44.388728" lon="6.874895">
        <ele>2117.89335</ele>
      </trkpt>
      <trkpt lat="44.388154" lon="6.875874">
        <ele>2122.47771</ele>
      </trkpt>
      <trkpt lat="44.384439" lon="6.872412">
        <ele>2218.3658</ele>
      </trkpt>
      <trkpt lat="44.380461" lon="6.872866">
        <ele>2287.44542</ele>
      </trkpt>
      <trkpt lat="44.377917" lon="6.870229">
        <ele>2306.25268</ele>
      </trkpt>
      <trkpt lat="44.373214" lon="6.869595">
        <ele>2352.16426</ele>
      </trkpt>
      <trkpt lat="44.370266" lon="6.87064">
        <ele>2424.20808</ele>
      </trkpt>
      <trkpt lat="44.366834" lon="6.873556">
        <ele>2434.8056</ele>
      </trkpt>
      <trkpt lat="44.365668" lon="6.875316">
        <ele>2434.44159</ele>
      </trkpt>
      <trkpt lat="44.365828" lon="6.879436">
        <ele>2489.17675</ele>
      </trkpt>
      <trkpt lat="44.364478" lon="6.880852">
        <ele>2543.45159</ele>
      </trkpt>
      <trkpt lat="44.36025" lon="6.881908">
        <ele>2645.91114</ele>
      </trkpt>
      <trkpt lat="44.356571" lon="6.880363">
        <ele>2656.95435</ele>
      </trkpt>
      <trkpt lat="44.356797" lon="6.881704">
        <ele>2642.53402</ele>
      </trkpt>
      <trkpt lat="44.355779" lon="6.880962">
        <ele>2594.62952</ele>
      </trkpt>
      <trkpt lat="44.354376" lon="6.882376">
        <ele>2486.61095</ele>
      </trkpt>
      <trkpt lat="44.353815" lon="6.88385">
        <ele>2447.19543</ele>
      </trkpt>
      <trkpt lat="44.354254" lon="6.885101">
        <ele>2430.89237</ele>
      </trkpt>
      <trkpt lat="44.352024" lon="6.885117">
        <ele>2372.3611</ele>
      </trkpt>
      <trkpt lat="44.351676" lon="6.883727">
        <ele>2356.20921</ele>
      </trkpt>
      <trkpt lat="44.348835" lon="6.883358">
        <ele>2281.58624</ele>
      </trkpt>
      <trkpt lat="44.348209" lon="6.882268">
        <ele>2249.64343</ele>
      </trkpt>
      <trkpt lat="44.344679" lon="6.882543">
        <ele>2173.06445</ele>
      </trkpt>
      <trkpt lat="44.343047" lon="6.880895">
        <ele>2122.07528</ele>
      </trkpt>
      <trkpt lat="44.3414" lon="6.881016">
        <ele>2098.10864</ele>
      </trkpt>
      <trkpt lat="44.340837" lon="6.879024">
        <ele>2087.93295</ele>
      </trkpt>
      <trkpt lat="44.339171" lon="6.877648">
        <ele>2078.37769</ele>
      </trkpt>
      <trkpt lat="44.339701" lon="6.876074">
        <ele>2091.99772</ele>
      </trkpt>
      <trkpt lat="44.335876" lon="6.873508">
        <ele>2162.79439</ele>
      </trkpt>
      <trkpt lat="44.33519" lon="6.871592">
        <ele>2219.72147</ele>
      </trkpt>
      <trkpt lat="44.333936" lon="6.871916">
        <ele>2248.22484</ele>
      </trkpt>
      <trkpt lat="44.3334" lon="6.866895">
        <ele>2259.8118</ele>
      </trkpt>
      <trkpt lat="44.333904" lon="6.865222">
        <ele>2270.07418</ele>
      </trkpt>
      <trkpt lat="44.327605" lon="6.864348">
        <ele>2127.25588</ele>
      </trkpt>
      <trkpt lat="44.326527" lon="6.865149">
        <ele>2108.72002</ele>
      </trkpt>
      <trkpt lat="44.326067" lon="6.860772">
        <ele>2018.08838</ele>
      </trkpt>
      <trkpt lat="44.325086" lon="6.860011">
        <ele>1977.74553</ele>
      </trkpt>
      <trkpt lat="44.322041" lon="6.861738">
        <ele>1898.61561</ele>
      </trkpt>
      <trkpt lat="44.322549" lon="6.85645">
        <ele>1881.58885</ele>
      </trkpt>
      <trkpt lat="44.317523" lon="6.859888">
        <ele>1918.89564</ele>
      </trkpt>
      <trkpt lat="44.314371" lon="6.858164">
        <ele>1979.89194</ele>
      </trkpt>
      <trkpt lat="44.315376" lon="6.865948">
        <ele>2037.58487</ele>
      </trkpt>
      <trkpt lat="44.314848" lon="6.864935">
        <ele>2046.9112</ele>
      </trkpt>
      <trkpt lat="44.314042" lon="6.867037">
        <ele>2090.51158</ele>
      </trkpt>
      <trkpt lat="44.312242" lon="6.868213">
        <ele>2113.38154</ele>
      </trkpt>
      <trkpt lat="44.31018" lon="6.866525">
        <ele>2137.44376</ele>
      </trkpt>
      <trkpt lat="44.307332" lon="6.867551">
        <ele>2165.9758</ele>
      </trkpt>
      <trkpt lat="44.305567" lon="6.87346">
        <ele>2219.42468</ele>
      </trkpt>
      <trkpt lat="44.302318" lon="6.874548">
        <ele>2138.81466</ele>
      </trkpt>
      <trkpt lat="44.300789" lon="6.877326">
        <ele>2077.7646</ele>
      </trkpt>
      <trkpt lat="44.300547" lon="6.879334">
        <ele>2072.26946</ele>
      </trkpt>
      <trkpt lat="44.297773" lon="6.880067">
        <ele>1984.08351</ele>
      </trkpt>
      <trkpt lat="44.297412" lon="6.882427">
        <ele>1999.29143</ele>
      </trkpt>
      <trkpt lat="44.29325" lon="6.885369">
        <ele>1903.30323</ele>
      </trkpt>
      <trkpt lat="44.29228" lon="6.885103">
        <ele>1862.74083</ele>
      </trkpt>
      <trkpt lat="44.293757" lon="6.883529">
        <ele>1855.7967</ele>
      </trkpt>
      <trkpt lat="44.29477" lon="6.877001">
        <ele>1755.39564</ele>
      </trkpt>
      <trkpt lat="44.291613" lon="6.877953">
        <ele>1699.91254</ele>
      </trkpt>
      <trkpt lat="44.290112" lon="6.876781">
        <ele>1689.11955</ele>
      </trkpt>
      <trkpt lat="44.286934" lon="6.873362">
        <ele>1627.04253</ele>
      </trkpt>
      <trkpt lat="44.28668" lon="6.871103">
        <ele>1600.60431</ele>
      </trkpt>
      <trkpt lat="44.285081" lon="6.870476">
        <ele>1543.05951</ele>
      </trkpt>
      <trkpt lat="44.285184" lon="6.866997">
        <ele>1521.13938</ele>
      </trkpt>
      <trkpt lat="44.283313" lon="6.866628">
        <ele>1488.97309</ele>
      </trkpt>
      <trkpt lat="44.282727" lon="6.867604">
        <ele>1475.83084</ele>
      </trkpt>
      <trkpt lat="44.283498" lon="6.876758">
        <ele>1461.34318</ele>
      </trkpt>
      <trkpt lat="44.282108" lon="6.881611">
        <ele>1486.7359</ele>
      </trkpt>
      <trkpt lat="44.283075" lon="6.882911">
        <ele>1469.6319</ele>
      </trkpt>
      <trkpt lat="44.283767" lon="6.886556">
        <ele>1487.55379</ele>
      </trkpt>
      <trkpt lat="44.284161" lon="6.894237">
        <ele>1491.95831</ele>
      </trkpt>
      <trkpt lat="44.283015" lon="6.897925">
        <ele>1481.51096</ele>
      </trkpt>
      <trkpt lat="44.278534" lon="6.900891">
        <ele>1507.88997</ele>
      </trkpt>
      <trkpt lat="44.27509" lon="6.90517">
        <ele>1500.10892</ele>
      </trkpt>
      <trkpt lat="44.271752" lon="6.913275">
        <ele>1491.44181</ele>
      </trkpt>
      <trkpt lat="44.267732" lon="6.91635">
        <ele>1464.76824</ele>
      </trkpt>
      <trkpt lat="44.266901" lon="6.914773">
        <ele>1448.18649</ele>
      </trkpt>
      <trkpt lat="44.263553" lon="6.916882">
        <ele>1294.19485</ele>
      </trkpt>
      <trkpt lat="44.261406" lon="6.916999">
        <ele>1255.9312</ele>
      </trkpt>
      <trkpt lat="44.256597" lon="6.922537">
        <ele>1160.77946</ele>
      </trkpt>
      <trkpt lat="44.256716" lon="6.924679">
        <ele>1155.77439</ele>
      </trkpt>
      <trkpt lat="44.255065" lon="6.926701">
        <ele>1144.46205</ele>
      </trkpt>
      <trkpt lat="44.252501" lon="6.92851">
        <ele>1145.37141</ele>
      </trkpt>
      <trkpt lat="44.248285" lon="6.933624">
        <ele>1116.29308</ele>
      </trkpt>
      <trkpt lat="44.246385" lon="6.935236">
        <ele>1136.58103</ele>
      </trkpt>
      <trkpt lat="44.24524" lon="6.934817">
        <ele>1170.20543</ele>
      </trkpt>
      <trkpt lat="44.242995" lon="6.936998">
        <ele>1201.15185</ele>
      </trkpt>
      <trkpt lat="44.24021" lon="6.93668">
        <ele>1262.43298</ele>
      </trkpt>
      <trkpt lat="44.237393" lon="6.938104">
        <ele>1342.1151</ele>
      </trkpt>
      <trkpt lat="44.234477" lon="6.934048">
        <ele>1447.28114</ele>
      </trkpt>
      <trkpt lat="44.232849" lon="6.936142">
        <ele>1461.45745</ele>
      </trkpt>
      <trkpt lat="44.230581" lon="6.931818">
        <ele>1671.18606</ele>
      </trkpt>
      <trkpt lat="44.230602" lon="6.928314">
        <ele>1676.32307</ele>
      </trkpt>
      <trkpt lat="44.230092" lon="6.930204">
        <ele>1656.3927</ele>
      </trkpt>
      <trkpt lat="44.2291" lon="6.930033">
        <ele>1640.5028</ele>
      </trkpt>
      <trkpt lat="44.228393" lon="6.931355">
        <ele>1629.6454</ele>
      </trkpt>
      <trkpt lat="44.228165" lon="6.930117">
        <ele>1633.12345</ele>
      </trkpt>
      <trkpt lat="44.227269" lon="6.931709">
        <ele>1612.59462</ele>
      </trkpt>
      <trkpt lat="44.226112" lon="6.928823">
        <ele>1594.17264</ele>
      </trkpt>
      <trkpt lat="44.226391" lon="6.927126">
        <ele>1593.06168</ele>
      </trkpt>
      <trkpt lat="44.222759" lon="6.928651">
        <ele>1633.08995</ele>
      </trkpt>
      <trkpt lat="44.220301" lon="6.926531">
        <ele>1629.98994</ele>
      </trkpt>
      <trkpt lat="44.21945" lon="6.929158">
        <ele>1614.21841</ele>
      </trkpt>
      <trkpt lat="44.218377" lon="6.927943">
        <ele>1639.49795</ele>
      </trkpt>
      <trkpt lat="44.217623" lon="6.932591">
        <ele>1717.17354</ele>
      </trkpt>
      <trkpt lat="44.215046" lon="6.934488">
        <ele>1748.88831</ele>
      </trkpt>
      <trkpt lat="44.215944" lon="6.934934">
        <ele>1741.2306</ele>
      </trkpt>
      <trkpt lat="44.215821" lon="6.935818">
        <ele>1753.647</ele>
      </trkpt>
      <trkpt lat="44.214117" lon="6.93744">
        <ele>1791.62844</ele>
      </trkpt>
      <trkpt lat="44.215206" lon="6.940041">
        <ele>1799.48696</ele>
      </trkpt>
      <trkpt lat="44.21384" lon="6.939097">
        <ele>1840.86653</ele>
      </trkpt>
      <trkpt lat="44.213454" lon="6.940243">
        <ele>1861.03626</ele>
      </trkpt>
      <trkpt lat="44.21298" lon="6.939617">
        <ele>1874.17786</ele>
      </trkpt>
      <trkpt lat="44.210616" lon="6.944659">
        <ele>1974.38458</ele>
      </trkpt>
      <trkpt lat="44.206278" lon="6.940164">
        <ele>1970.22295</ele>
      </trkpt>
      <trkpt lat="44.200752" lon="6.939728">
        <ele>1852.3441</ele>
      </trkpt>
      <trkpt lat="44.200843" lon="6.936712">
        <ele>1825.67059</ele>
      </trkpt>
      <trkpt lat="44.19965" lon="6.934009">
        <ele>1792.46845</ele>
      </trkpt>
      <trkpt lat="44.200274" lon="6.932914">
        <ele>1781.72372</ele>
      </trkpt>
      <trkpt lat="44.200403" lon="6.928591">
        <ele>1762.4016</ele>
      </trkpt>
      <trkpt lat="44.199406" lon="6.926763">
        <ele>1756.56577</ele>
      </trkpt>
      <trkpt lat="44.197023" lon="6.927367">
        <ele>1781.64495</ele>
      </trkpt>
      <trkpt lat="44.194557" lon="6.929492">
        <ele>1686.62367</ele>
      </trkpt>
      <trkpt lat="44.193529" lon="6.928308">
        <ele>1677.66765</ele>
      </trkpt>
      <trkpt lat="44.191469" lon="6.93002">
        <ele>1614.75445</ele>
      </trkpt>
      <trkpt lat="44.190366" lon="6.927195">
        <ele>1548.89999</ele>
      </trkpt>
      <trkpt lat="44.189293" lon="6.928807">
        <ele>1510.23897</ele>
      </trkpt>
      <trkpt lat="44.188961" lon="6.927514">
        <ele>1503.97539</ele>
      </trkpt>
      <trkpt lat="44.18812" lon="6.928125">
        <ele>1480.28129</ele>
      </trkpt>
      <trkpt lat="44.186316" lon="6.926672">
        <ele>1497.77902</ele>
      </trkpt>
      <trkpt lat="44.178788" lon="6.92678">
        <ele>1616.59288</ele>
      </trkpt>
      <trkpt lat="44.17081" lon="6.930908">
        <ele>1779.96929</ele>
      </trkpt>
      <trkpt lat="44.168721" lon="6.932549">
        <ele>1849.00039</ele>
      </trkpt>
      <trkpt lat="44.16559" lon="6.9392">
        <ele>1960.39773</ele>
      </trkpt>
      <trkpt lat="44.1645" lon="6.945809">
        <ele>1977.89045</ele>
      </trkpt>
      <trkpt lat="44.166014" lon="6.947208">
        <ele>2039.02171</ele>
      </trkpt>
      <trkpt lat="44.165036" lon="6.948727">
        <ele>2067.9477</ele>
      </trkpt>
      <trkpt lat="44.166014" lon="6.94956">
        <ele>2110.62675</ele>
      </trkpt>
      <trkpt lat="44.16591" lon="6.950461">
        <ele>2145.94634</ele>
      </trkpt>
      <trkpt lat="44.16429" lon="6.951319">
        <ele>2173.30981</ele>
      </trkpt>
      <trkpt lat="44.163034" lon="6.953585">
        <ele>2246.00516</ele>
      </trkpt>
      <trkpt lat="44.160485" lon="6.954503">
        <ele>2250.86436</ele>
      </trkpt>
      <trkpt lat="44.154198" lon="6.954151">
        <ele>2369.07267</ele>
      </trkpt>
      <trkpt lat="44.149181" lon="6.950488">
        <ele>2477.283</ele>
      </trkpt>
      <trkpt lat="44.144487" lon="6.952692">
        <ele>2564.38866</ele>
      </trkpt>
      <trkpt lat="44.146377" lon="6.953406">
        <ele>2583.36303</ele>
      </trkpt>
      <trkpt lat="44.144067" lon="6.953611">
        <ele>2546.80964</ele>
      </trkpt>
      <trkpt lat="44.142549" lon="6.955221">
        <ele>2483.07988</ele>
      </trkpt>
      <trkpt lat="44.13745" lon="6.966919">
        <ele>2429.32757</ele>
      </trkpt>
      <trkpt lat="44.137356" lon="6.969886">
        <ele>2392.49796</ele>
      </trkpt>
      <trkpt lat="44.135336" lon="6.971369">
        <ele>2347.99425</ele>
      </trkpt>
      <trkpt lat="44.135939" lon="6.971832">
        <ele>2335.23817</ele>
      </trkpt>
      <trkpt lat="44.134269" lon="6.976775">
        <ele>2216.29646</ele>
      </trkpt>
      <trkpt lat="44.134867" lon="6.977345">
        <ele>2203.90051</ele>
      </trkpt>
      <trkpt lat="44.133847" lon="6.978162">
        <ele>2188.11592</ele>
      </trkpt>
      <trkpt lat="44.133993" lon="6.980584">
        <ele>2142.05209</ele>
      </trkpt>
      <trkpt lat="44.132502" lon="6.982196">
        <ele>2119.59971</ele>
      </trkpt>
      <trkpt lat="44.132815" lon="6.983556">
        <ele>2115.66154</ele>
      </trkpt>
      <trkpt lat="44.13148" lon="6.986066">
        <ele>2070.70379</ele>
      </trkpt>
      <trkpt lat="44.131842" lon="6.990552">
        <ele>2019.37517</ele>
      </trkpt>
      <trkpt lat="44.131291" lon="6.99204">
        <ele>1992.81794</ele>
      </trkpt>
      <trkpt lat="44.132357" lon="6.994097">
        <ele>1971.09305</ele>
      </trkpt>
      <trkpt lat="44.133989" lon="6.992522">
        <ele>1924.00485</ele>
      </trkpt>
      <trkpt lat="44.134618" lon="6.989137">
        <ele>1884.69044</ele>
      </trkpt>
      <trkpt lat="44.13551" lon="6.989904">
        <ele>1848.71026</ele>
      </trkpt>
      <trkpt lat="44.13723" lon="6.994376">
        <ele>1810.11019</ele>
      </trkpt>
      <trkpt lat="44.13626" lon="6.998266">
        <ele>1803.80742</ele>
      </trkpt>
      <trkpt lat="44.138804" lon="7.007241">
        <ele>1758.42053</ele>
      </trkpt>
      <trkpt lat="44.140373" lon="7.006779">
        <ele>1771.43853</ele>
      </trkpt>
      <trkpt lat="44.140785" lon="7.008606">
        <ele>1749.40002</ele>
      </trkpt>
      <trkpt lat="44.143198" lon="7.01021">
        <ele>1779.17526</ele>
      </trkpt>
      <trkpt lat="44.144072" lon="7.009694">
        <ele>1797.09596</ele>
      </trkpt>
      <trkpt lat="44.141272" lon="7.014658">
        <ele>1838.94487</ele>
      </trkpt>
      <trkpt lat="44.143583" lon="7.02259">
        <ele>1955.27809</ele>
      </trkpt>
      <trkpt lat="44.143495" lon="7.029536">
        <ele>1945.12139</ele>
      </trkpt>
      <trkpt lat="44.137792" lon="7.054462">
        <ele>1802.16005</ele>
      </trkpt>
      <trkpt lat="44.134193" lon="7.056106">
        <ele>1689.17658</ele>
      </trkpt>
      <trkpt lat="44.131942" lon="7.059309">
        <ele>1609.88678</ele>
      </trkpt>
      <trkpt lat="44.126572" lon="7.062616">
        <ele>1493.51323</ele>
      </trkpt>
      <trkpt lat="44.126618" lon="7.059247">
        <ele>1490.76131</ele>
      </trkpt>
      <trkpt lat="44.122449" lon="7.06179">
        <ele>1467.62763</ele>
      </trkpt>
      <trkpt lat="44.122185" lon="7.063216">
        <ele>1459.4084</ele>
      </trkpt>
      <trkpt lat="44.119217" lon="7.062752">
        <ele>1460.37163</ele>
      </trkpt>
      <trkpt lat="44.116627" lon="7.064026">
        <ele>1475.3859</ele>
      </trkpt>
      <trkpt lat="44.11394" lon="7.072454">
        <ele>1455.80803</ele>
      </trkpt>
      <trkpt lat="44.113023" lon="7.072254">
        <ele>1480.0975</ele>
      </trkpt>
      <trkpt lat="44.111557" lon="7.074165">
        <ele>1463.68142</ele>
      </trkpt>
      <trkpt lat="44.109632" lon="7.074302">
        <ele>1461.59324</ele>
      </trkpt>
      <trkpt lat="44.107471" lon="7.07731">
        <ele>1462.80367</ele>
      </trkpt>
      <trkpt lat="44.10445" lon="7.084408">
        <ele>1415.86332</ele>
      </trkpt>
      <trkpt lat="44.101606" lon="7.08809">
        <ele>1369.98565</ele>
      </trkpt>
      <trkpt lat="44.09543" lon="7.090399">
        <ele>1260.61792</ele>
      </trkpt>
      <trkpt lat="44.092397" lon="7.088212">
        <ele>1198.90785</ele>
      </trkpt>
      <trkpt lat="44.091481" lon="7.085529">
        <ele>1160.71525</ele>
      </trkpt>
      <trkpt lat="44.089923" lon="7.085254">
        <ele>1113.766</ele>
      </trkpt>
      <trkpt lat="44.089464" lon="7.087925">
        <ele>1080.48129</ele>
      </trkpt>
      <trkpt lat="44.091073" lon="7.095623">
        <ele>978.71807</ele>
      </trkpt>
      <trkpt lat="44.089884" lon="7.094544">
        <ele>957.20411</ele>
      </trkpt>
      <trkpt lat="44.090466" lon="7.09637">
        <ele>942.21168</ele>
      </trkpt>
      <trkpt lat="44.089313" lon="7.096082">
        <ele>910.85122</ele>
      </trkpt>
      <trkpt lat="44.089069" lon="7.093978">
        <ele>889.60601</ele>
      </trkpt>
      <trkpt lat="44.088583" lon="7.096491">
        <ele>864.836</ele>
      </trkpt>
      <trkpt lat="44.087806" lon="7.096304">
        <ele>840.173</ele>
      </trkpt>
      <trkpt lat="44.088265" lon="7.093683">
        <ele>824.3961</ele>
      </trkpt>
      <trkpt lat="44.086173" lon="7.097063">
        <ele>761.76933</ele>
      </trkpt>
      <trkpt lat="44.087079" lon="7.099899">
        <ele>690.7088</ele>
      </trkpt>
      <trkpt lat="44.086818" lon="7.102642">
        <ele>603.0256</ele>
      </trkpt>
      <trkpt lat="44.085509" lon="7.10301">
        <ele>534.10717</ele>
      </trkpt>
      <trkpt lat="44.085603" lon="7.104582">
        <ele>499.3142</ele>
      </trkpt>
      <trkpt lat="44.084451" lon="7.105498">
        <ele>497.8706</ele>
      </trkpt>
      <trkpt lat="44.083292" lon="7.104979">
        <ele>492.47266</ele>
      </trkpt>
      <trkpt lat="44.080689" lon="7.107081">
        <ele>524.7425</ele>
      </trkpt>
      <trkpt lat="44.082127" lon="7.107563">
        <ele>530.90781</ele>
      </trkpt>
      <trkpt lat="44.080036" lon="7.10806">
        <ele>576.47006</ele>
      </trkpt>
      <trkpt lat="44.080011" lon="7.107287">
        <ele>564.40507</ele>
      </trkpt>
      <trkpt lat="44.079772" lon="7.108329">
        <ele>590.3346</ele>
      </trkpt>
      <trkpt lat="44.080598" lon="7.108261">
        <ele>584.10066</ele>
      </trkpt>
      <trkpt lat="44.079558" lon="7.108826">
        <ele>612.15834</ele>
      </trkpt>
      <trkpt lat="44.079448" lon="7.10796">
        <ele>603.16002</ele>
      </trkpt>
      <trkpt lat="44.076616" lon="7.109983">
        <ele>635.48331</ele>
      </trkpt>
      <trkpt lat="44.075585" lon="7.112419">
        <ele>675.87562</ele>
      </trkpt>
      <trkpt lat="44.075557" lon="7.113511">
        <ele>690.07873</ele>
      </trkpt>
      <trkpt lat="44.076692" lon="7.112479">
        <ele>718.58152</ele>
      </trkpt>
      <trkpt lat="44.074678" lon="7.120049">
        <ele>821.74033</ele>
      </trkpt>
      <trkpt lat="44.071955" lon="7.117399">
        <ele>827.06285</ele>
      </trkpt>
      <trkpt lat="44.069953" lon="7.120092">
        <ele>849.95065</ele>
      </trkpt>
      <trkpt lat="44.070177" lon="7.1259">
        <ele>912.49768</ele>
      </trkpt>
      <trkpt lat="44.06932" lon="7.127024">
        <ele>894.87701</ele>
      </trkpt>
      <trkpt lat="44.069411" lon="7.129248">
        <ele>971.92477</ele>
      </trkpt>
      <trkpt lat="44.067647" lon="7.13148">
        <ele>993.64689</ele>
      </trkpt>
      <trkpt lat="44.064332" lon="7.130324">
        <ele>1002.33979</ele>
      </trkpt>
      <trkpt lat="44.063997" lon="7.132551">
        <ele>1001.80715</ele>
      </trkpt>
      <trkpt lat="44.064909" lon="7.135768">
        <ele>959.90892</ele>
      </trkpt>
      <trkpt lat="44.067105" lon="7.1381">
        <ele>946.88818</ele>
      </trkpt>
      <trkpt lat="44.067066" lon="7.141707">
        <ele>918.11457</ele>
      </trkpt>
      <trkpt lat="44.06795" lon="7.143615">
        <ele>882.42759</ele>
      </trkpt>
      <trkpt lat="44.066935" lon="7.144605">
        <ele>849.52759</ele>
      </trkpt>
      <trkpt lat="44.068565" lon="7.145013">
        <ele>855.19711</ele>
      </trkpt>
      <trkpt lat="44.067972" lon="7.146938">
        <ele>828.38991</ele>
      </trkpt>
      <trkpt lat="44.069691" lon="7.15141">
        <ele>829.25255</ele>
      </trkpt>
      <trkpt lat="44.068994" lon="7.152138">
        <ele>835.35819</ele>
      </trkpt>
      <trkpt lat="44.070124" lon="7.154227">
        <ele>878.04552</ele>
      </trkpt>
      <trkpt lat="44.069175" lon="7.156121">
        <ele>916.13486</ele>
      </trkpt>
      <trkpt lat="44.068718" lon="7.168073">
        <ele>985.47258</ele>
      </trkpt>
      <trkpt lat="44.069854" lon="7.173579">
        <ele>1075.76565</ele>
      </trkpt>
      <trkpt lat="44.068242" lon="7.175975">
        <ele>1103.62781</ele>
      </trkpt>
      <trkpt lat="44.068112" lon="7.176914">
        <ele>1110.24881</ele>
      </trkpt>
      <trkpt lat="44.068669" lon="7.176697">
        <ele>1115.79749</ele>
      </trkpt>
      <trkpt lat="44.066109" lon="7.181914">
        <ele>1131.78104</ele>
      </trkpt>
      <trkpt lat="44.064982" lon="7.186271">
        <ele>1169.6893</ele>
      </trkpt>
      <trkpt lat="44.065563" lon="7.196631">
        <ele>1255.50775</ele>
      </trkpt>
      <trkpt lat="44.066683" lon="7.20096">
        <ele>1280.62192</ele>
      </trkpt>
      <trkpt lat="44.065448" lon="7.2021">
        <ele>1290.11564</ele>
      </trkpt>
      <trkpt lat="44.065644" lon="7.203132">
        <ele>1294.76083</ele>
      </trkpt>
      <trkpt lat="44.062045" lon="7.204681">
        <ele>1379.15732</ele>
      </trkpt>
      <trkpt lat="44.061814" lon="7.206335">
        <ele>1415.40382</ele>
      </trkpt>
      <trkpt lat="44.060327" lon="7.208203">
        <ele>1459.68589</ele>
      </trkpt>
      <trkpt lat="44.060641" lon="7.209156">
        <ele>1483.89219</ele>
      </trkpt>
      <trkpt lat="44.057491" lon="7.214603">
        <ele>1669.96373</ele>
      </trkpt>
      <trkpt lat="44.055037" lon="7.212503">
        <ele>1707.08519</ele>
      </trkpt>
      <trkpt lat="44.05282" lon="7.21279">
        <ele>1712.96265</ele>
      </trkpt>
      <trkpt lat="44.0511" lon="7.211027">
        <ele>1732.75653</ele>
      </trkpt>
      <trkpt lat="44.05169" lon="7.207278">
        <ele>1769.53977</ele>
      </trkpt>
      <trkpt lat="44.047177" lon="7.201129">
        <ele>1898.12061</ele>
      </trkpt>
      <trkpt lat="44.042791" lon="7.2048">
        <ele>1905.28377</ele>
      </trkpt>
      <trkpt lat="44.039375" lon="7.204144">
        <ele>1944.19759</ele>
      </trkpt>
      <trkpt lat="44.037557" lon="7.208745">
        <ele>1981.78137</ele>
      </trkpt>
      <trkpt lat="44.032296" lon="7.211624">
        <ele>1999.8441</ele>
      </trkpt>
      <trkpt lat="44.031822" lon="7.215396">
        <ele>1944.91047</ele>
      </trkpt>
      <trkpt lat="44.029013" lon="7.217539">
        <ele>1926.81745</ele>
      </trkpt>
      <trkpt lat="44.027012" lon="7.220651">
        <ele>1918.3045</ele>
      </trkpt>
      <trkpt lat="44.026719" lon="7.222565">
        <ele>1905.79018</ele>
      </trkpt>
      <trkpt lat="44.025073" lon="7.224323">
        <ele>1928.05123</ele>
      </trkpt>
      <trkpt lat="44.024606" lon="7.227079">
        <ele>1934.4557</ele>
      </trkpt>
      <trkpt lat="44.022834" lon="7.230311">
        <ele>1936.43368</ele>
      </trkpt>
      <trkpt lat="44.019692" lon="7.23163">
        <ele>1929.5759</ele>
      </trkpt>
      <trkpt lat="44.017774" lon="7.234637">
        <ele>2006.36947</ele>
      </trkpt>
      <trkpt lat="44.017318" lon="7.242297">
        <ele>1968.55241</ele>
      </trkpt>
      <trkpt lat="44.015816" lon="7.246364">
        <ele>1912.97337</ele>
      </trkpt>
      <trkpt lat="44.013713" lon="7.24906">
        <ele>1838.87839</ele>
      </trkpt>
      <trkpt lat="44.012384" lon="7.24555">
        <ele>1779.44473</ele>
      </trkpt>
      <trkpt lat="44.011643" lon="7.248125">
        <ele>1762.52188</ele>
      </trkpt>
      <trkpt lat="44.010763" lon="7.248492">
        <ele>1737.62709</ele>
      </trkpt>
      <trkpt lat="44.009867" lon="7.250798">
        <ele>1707.95751</ele>
      </trkpt>
      <trkpt lat="44.00957" lon="7.250047">
        <ele>1703.3151</ele>
      </trkpt>
      <trkpt lat="44.009068" lon="7.250559">
        <ele>1690.55289</ele>
      </trkpt>
      <trkpt lat="44.008999" lon="7.244211">
        <ele>1690.49832</ele>
      </trkpt>
      <trkpt lat="44.010191" lon="7.238635">
        <ele>1684.30174</ele>
      </trkpt>
      <trkpt lat="44.00891" lon="7.236439">
        <ele>1682.66013</ele>
      </trkpt>
      <trkpt lat="44.003013" lon="7.23506">
        <ele>1678.59811</ele>
      </trkpt>
      <trkpt lat="44.00039" lon="7.236826">
        <ele>1673.71408</ele>
      </trkpt>
      <trkpt lat="43.995488" lon="7.234355">
        <ele>1588.28902</ele>
      </trkpt>
      <trkpt lat="43.993104" lon="7.231913">
        <ele>1533.71187</ele>
      </trkpt>
      <trkpt lat="43.989041" lon="7.230986">
        <ele>1410.56067</ele>
      </trkpt>
      <trkpt lat="43.987653" lon="7.231116">
        <ele>1366.67892</ele>
      </trkpt>
      <trkpt lat="43.982028" lon="7.236019">
        <ele>1376.05452</ele>
      </trkpt>
      <trkpt lat="43.978895" lon="7.23421">
        <ele>1396.58761</ele>
      </trkpt>
      <trkpt lat="43.976633" lon="7.236684">
        <ele>1417.1919</ele>
      </trkpt>
      <trkpt lat="43.973517" lon="7.237186">
        <ele>1420.36387</ele>
      </trkpt>
      <trkpt lat="43.971531" lon="7.239331">
        <ele>1404.68549</ele>
      </trkpt>
      <trkpt lat="43.969412" lon="7.237552">
        <ele>1409.11431</ele>
      </trkpt>
      <trkpt lat="43.965608" lon="7.237832">
        <ele>1413.22453</ele>
      </trkpt>
      <trkpt lat="43.958618" lon="7.243154">
        <ele>1408.70632</ele>
      </trkpt>
      <trkpt lat="43.955037" lon="7.241813">
        <ele>1445.93774</ele>
      </trkpt>
      <trkpt lat="43.947885" lon="7.244229">
        <ele>1457.60791</ele>
      </trkpt>
      <trkpt lat="43.946341" lon="7.242616">
        <ele>1359.00009</ele>
      </trkpt>
      <trkpt lat="43.945448" lon="7.239723">
        <ele>1344.85596</ele>
      </trkpt>
      <trkpt lat="43.942443" lon="7.239768">
        <ele>1359.11401</ele>
      </trkpt>
      <trkpt lat="43.942691" lon="7.237146">
        <ele>1303.87082</ele>
      </trkpt>
      <trkpt lat="43.941974" lon="7.238603">
        <ele>1318.34615</ele>
      </trkpt>
      <trkpt lat="43.938042" lon="7.239777">
        <ele>1227.73855</ele>
      </trkpt>
      <trkpt lat="43.937788" lon="7.241947">
        <ele>1239.36009</ele>
      </trkpt>
      <trkpt lat="43.936617" lon="7.243172">
        <ele>1240.31391</ele>
      </trkpt>
      <trkpt lat="43.934292" lon="7.243008">
        <ele>1198.93824</ele>
      </trkpt>
      <trkpt lat="43.931516" lon="7.245384">
        <ele>1140.78269</ele>
      </trkpt>
      <trkpt lat="43.927529" lon="7.245408">
        <ele>1070.25048</ele>
      </trkpt>
      <trkpt lat="43.925688" lon="7.244019">
        <ele>1072.81241</ele>
      </trkpt>
      <trkpt lat="43.924102" lon="7.2458">
        <ele>969.61044</ele>
      </trkpt>
      <trkpt lat="43.923014" lon="7.243867">
        <ele>966.04271</ele>
      </trkpt>
      <trkpt lat="43.920518" lon="7.243518">
        <ele>863.32026</ele>
      </trkpt>
      <trkpt lat="43.917093" lon="7.247597">
        <ele>805.12494</ele>
      </trkpt>
      <trkpt lat="43.916188" lon="7.247226">
        <ele>793.14738</ele>
      </trkpt>
      <trkpt lat="43.914146" lon="7.248923">
        <ele>729.71778</ele>
      </trkpt>
      <trkpt lat="43.914371" lon="7.250184">
        <ele>713.2704</ele>
      </trkpt>
      <trkpt lat="43.913628" lon="7.250662">
        <ele>672.81841</ele>
      </trkpt>
      <trkpt lat="43.914633" lon="7.252433">
        <ele>657.7602</ele>
      </trkpt>
      <trkpt lat="43.914652" lon="7.254177">
        <ele>618.65832</ele>
      </trkpt>
      <trkpt lat="43.912585" lon="7.254437">
        <ele>542.61324</ele>
      </trkpt>
      <trkpt lat="43.909101" lon="7.253228">
        <ele>438.79477</ele>
      </trkpt>
      <trkpt lat="43.908798" lon="7.25215">
        <ele>418.15467</ele>
      </trkpt>
      <trkpt lat="43.909766" lon="7.252802">
        <ele>446.44615</ele>
      </trkpt>
      <trkpt lat="43.909436" lon="7.251705">
        <ele>437.07639</ele>
      </trkpt>
      <trkpt lat="43.907918" lon="7.249346">
        <ele>473.55714</ele>
      </trkpt>
      <trkpt lat="43.907239" lon="7.250189">
        <ele>475.11851</ele>
      </trkpt>
      <trkpt lat="43.906642" lon="7.246796">
        <ele>551.94876</ele>
      </trkpt>
      <trkpt lat="43.904846" lon="7.244415">
        <ele>618.25597</ele>
      </trkpt>
      <trkpt lat="43.904467" lon="7.246189">
        <ele>604.20969</ele>
      </trkpt>
      <trkpt lat="43.902091" lon="7.247357">
        <ele>633.28635</ele>
      </trkpt>
      <trkpt lat="43.900118" lon="7.246226">
        <ele>678.05528</ele>
      </trkpt>
      <trkpt lat="43.89655" lon="7.247588">
        <ele>642.17126</ele>
      </trkpt>
      <trkpt lat="43.896599" lon="7.244733">
        <ele>640.76245</ele>
      </trkpt>
      <trkpt lat="43.892836" lon="7.247683">
        <ele>590.40671</ele>
      </trkpt>
      <trkpt lat="43.890271" lon="7.244512">
        <ele>588.49756</ele>
      </trkpt>
      <trkpt lat="43.889974" lon="7.24202">
        <ele>632.96957</ele>
      </trkpt>
      <trkpt lat="43.888676" lon="7.24155">
        <ele>605.63662</ele>
      </trkpt>
      <trkpt lat="43.8873" lon="7.243113">
        <ele>522.61361</ele>
      </trkpt>
      <trkpt lat="43.886734" lon="7.241152">
        <ele>474.9113</ele>
      </trkpt>
      <trkpt lat="43.886006" lon="7.242646">
        <ele>447.46784</ele>
      </trkpt>
      <trkpt lat="43.882955" lon="7.235916">
        <ele>342.76832</ele>
      </trkpt>
      <trkpt lat="43.880987" lon="7.234186">
        <ele>271.89486</ele>
      </trkpt>
      <trkpt lat="43.881515" lon="7.233176">
        <ele>265.52024</ele>
      </trkpt>
      <trkpt lat="43.879764" lon="7.233128">
        <ele>209.49976</ele>
      </trkpt>
      <trkpt lat="43.879432" lon="7.231145">
        <ele>201.22938</ele>
      </trkpt>
      <trkpt lat="43.879429" lon="7.232564">
        <ele>199.23504</ele>
      </trkpt>
      <trkpt lat="43.878844" lon="7.23125">
        <ele>192.45406</ele>
      </trkpt>
      <trkpt lat="43.878345" lon="7.231967">
        <ele>205.44798</ele>
      </trkpt>
      <trkpt lat="43.87811" lon="7.230854">
        <ele>209.41472</ele>
      </trkpt>
      <trkpt lat="43.875501" lon="7.228513">
        <ele>285.11542</ele>
      </trkpt>
      <trkpt lat="43.875412" lon="7.227041">
        <ele>286.34957</ele>
      </trkpt>
      <trkpt lat="43.87458" lon="7.227392">
        <ele>349.41132</ele>
      </trkpt>
      <trkpt lat="43.874512" lon="7.226324">
        <ele>341.74313</ele>
      </trkpt>
      <trkpt lat="43.873246" lon="7.226918">
        <ele>399.29931</ele>
      </trkpt>
      <trkpt lat="43.871909" lon="7.225004">
        <ele>395.4473</ele>
      </trkpt>
      <trkpt lat="43.870868" lon="7.226538">
        <ele>443.2276</ele>
      </trkpt>
      <trkpt lat="43.869956" lon="7.225815">
        <ele>440.43289</ele>
      </trkpt>
      <trkpt lat="43.865993" lon="7.229243">
        <ele>531.79668</ele>
      </trkpt>
      <trkpt lat="43.865625" lon="7.227617">
        <ele>530.45491</ele>
      </trkpt>
      <trkpt lat="43.860064" lon="7.229047">
        <ele>522.9926</ele>
      </trkpt>
      <trkpt lat="43.858873" lon="7.226134">
        <ele>563.37217</ele>
      </trkpt>
      <trkpt lat="43.857462" lon="7.226114">
        <ele>545.22499</ele>
      </trkpt>
      <trkpt lat="43.855472" lon="7.227474">
        <ele>499.91117</ele>
      </trkpt>
      <trkpt lat="43.854064" lon="7.232462">
        <ele>518.23231</ele>
      </trkpt>
      <trkpt lat="43.851498" lon="7.235024">
        <ele>534.75798</ele>
      </trkpt>
      <trkpt lat="43.849852" lon="7.234669">
        <ele>545.21801</ele>
      </trkpt>
      <trkpt lat="43.847834" lon="7.23264">
        <ele>554.4462</ele>
      </trkpt>
      <trkpt lat="43.845988" lon="7.2328">
        <ele>583.43042</ele>
      </trkpt>
      <trkpt lat="43.842754" lon="7.235851">
        <ele>581.50595</ele>
      </trkpt>
      <trkpt lat="43.841973" lon="7.235464">
        <ele>571.93363</ele>
      </trkpt>
      <trkpt lat="43.841772" lon="7.236777">
        <ele>557.76731</ele>
      </trkpt>
      <trkpt lat="43.841032" lon="7.236489">
        <ele>564.98129</ele>
      </trkpt>
      <trkpt lat="43.840709" lon="7.237509">
        <ele>571.51346</ele>
      </trkpt>
      <trkpt lat="43.839679" lon="7.236645">
        <ele>588.70692</ele>
      </trkpt>
      <trkpt lat="43.837672" lon="7.238416">
        <ele>547.90333</ele>
      </trkpt>
      <trkpt lat="43.836166" lon="7.237823">
        <ele>487.223</ele>
      </trkpt>
      <trkpt lat="43.834603" lon="7.240439">
        <ele>489.3561</ele>
      </trkpt>
      <trkpt lat="43.836005" lon="7.241852">
        <ele>538.61888</ele>
      </trkpt>
      <trkpt lat="43.835437" lon="7.246457">
        <ele>520.33576</ele>
      </trkpt>
      <trkpt lat="43.82747" lon="7.24962">
        <ele>524.30852</ele>
      </trkpt>
      <trkpt lat="43.820207" lon="7.255429">
        <ele>562.73218</ele>
      </trkpt>
      <trkpt lat="43.818609" lon="7.257658">
        <ele>576.98561</ele>
      </trkpt>
      <trkpt lat="43.816097" lon="7.253691">
        <ele>617.03085</ele>
      </trkpt>
      <trkpt lat="43.811893" lon="7.253294">
        <ele>674.58401</ele>
      </trkpt>
      <trkpt lat="43.808421" lon="7.250427">
        <ele>749.90263</ele>
      </trkpt>
      <trkpt lat="43.802769" lon="7.251483">
        <ele>711.88544</ele>
      </trkpt>
      <trkpt lat="43.800909" lon="7.249181">
        <ele>696.14341</ele>
      </trkpt>
      <trkpt lat="43.800369" lon="7.246733">
        <ele>693.95351</ele>
      </trkpt>
      <trkpt lat="43.796055" lon="7.249034">
        <ele>686.15212</ele>
      </trkpt>
      <trkpt lat="43.791694" lon="7.247476">
        <ele>649.55264</ele>
      </trkpt>
      <trkpt lat="43.789489" lon="7.248004">
        <ele>613.79927</ele>
      </trkpt>
      <trkpt lat="43.787377" lon="7.244207">
        <ele>534.85381</ele>
      </trkpt>
      <trkpt lat="43.78475" lon="7.243807">
        <ele>502.43782</ele>
      </trkpt>
      <trkpt lat="43.782192" lon="7.251034">
        <ele>534.81247</ele>
      </trkpt>
      <trkpt lat="43.781641" lon="7.249027">
        <ele>556.37568</ele>
      </trkpt>
      <trkpt lat="43.77927" lon="7.248417">
        <ele>615.06077</ele>
      </trkpt>
      <trkpt lat="43.766866" lon="7.250465">
        <ele>649.26781</ele>
      </trkpt>
      <trkpt lat="43.760215" lon="7.253087">
        <ele>565.42619</ele>
      </trkpt>
      <trkpt lat="43.755615" lon="7.25584">
        <ele>514.06367</ele>
      </trkpt>
      <trkpt lat="43.754787" lon="7.257796">
        <ele>498.75427</ele>
      </trkpt>
      <trkpt lat="43.752301" lon="7.258699">
        <ele>489.96522</ele>
      </trkpt>
      <trkpt lat="43.746835" lon="7.258933">
        <ele>448.54885</ele>
      </trkpt>
      <trkpt lat="43.74533" lon="7.256923">
        <ele>400.45403</ele>
      </trkpt>
      <trkpt lat="43.74287" lon="7.256169">
        <ele>379.79262</ele>
      </trkpt>
      <trkpt lat="43.741857" lon="7.257495">
        <ele>352.09319</ele>
      </trkpt>
      <trkpt lat="43.74291" lon="7.258837">
        <ele>351.637</ele>
      </trkpt>
      <trkpt lat="43.743799" lon="7.262572">
        <ele>327.31605</ele>
      </trkpt>
      <trkpt lat="43.742546" lon="7.263661">
        <ele>309.62112</ele>
      </trkpt>
      <trkpt lat="43.740028" lon="7.262505">
        <ele>273.4193</ele>
      </trkpt>
      <trkpt lat="43.735801" lon="7.263532">
        <ele>214.75877</ele>
      </trkpt>
      <trkpt lat="43.733234" lon="7.262254">
        <ele>193.90209</ele>
      </trkpt>
      <trkpt lat="43.733876" lon="7.261816">
        <ele>192.29402</ele>
      </trkpt>
      <trkpt lat="43.733439" lon="7.261453">
        <ele>184.81528</ele>
      </trkpt>
      <trkpt lat="43.729327" lon="7.260759">
        <ele>142.51512</ele>
      </trkpt>
      <trkpt lat="43.723979" lon="7.263476">
        <ele>72.67756</ele>
      </trkpt>
      <trkpt lat="43.720229" lon="7.262981">
        <ele>53.87935</ele>
      </trkpt>
      <trkpt lat="43.718032" lon="7.256251">
        <ele>56.4011</ele>
      </trkpt>
      <trkpt lat="43.716202" lon="7.257545">
        <ele>45.28092</ele>
      </trkpt>
      <trkpt lat="43.714743" lon="7.254112">
        <ele>56.44396</ele>
      </trkpt>
      <trkpt lat="43.709996" lon="7.257026">
        <ele>34.32292</ele>
      </trkpt>
      <trkpt lat="43.709498" lon="7.256014">
        <ele>33.34178</ele>
      </trkpt>
      <trkpt lat="43.698637" lon="7.256214">
        <ele>18.51971</ele>
      </trkpt>
      <trkpt lat="43.697888" lon="7.257739">
        <ele>16.01112</ele>
      </trkpt>
      <trkpt lat="43.694252" lon="7.257562">
        <ele>14.62221</ele>
      </trkpt>
    </trkseg>
  </trk>
</gpx>
